src_port,dst_port,packet_size,flags,label
37872,443,1182,16,0
15553,21,47,2,1
28195,53,1448,16,0
53246,8080,1191,16,0
53922,22,54,2,1
16247,80,135,16,0
6296,8080,1411,16,0
24171,443,48,2,1
10656,443,374,16,0
29776,21,50,2,1
30198,22,41,2,1
19259,443,269,16,0
54534,443,964,16,0
25979,21,43,2,1
40966,80,811,16,0
28868,21,56,2,1
17327,21,54,2,1
22305,8080,601,16,0
58771,53,1123,16,0
9371,53,1007,16,0
58039,21,53,2,1
29556,443,1327,16,0
14583,8080,681,16,0
24914,80,1213,16,0
23614,443,54,2,1
33713,443,59,2,1
45446,21,44,2,1
32153,80,889,16,0
26002,80,59,2,1
46045,80,42,2,1
3015,443,404,16,0
16306,80,1419,16,0
3821,21,45,2,1
19718,80,60,2,1
37780,80,51,2,1
63187,21,40,2,1
63873,8080,813,16,0
24698,22,51,2,1
60988,53,1252,16,0
55501,443,738,16,0
51518,22,50,2,1
24997,80,40,2,1
47142,8080,651,16,0
12891,443,1235,16,0
49572,443,345,16,0
40668,53,1416,16,0
45127,80,1073,16,0
58973,8080,1266,16,0
32745,8080,277,16,0
31484,8080,638,16,0
36539,53,1070,16,0
37369,53,531,16,0
57316,80,443,16,0
9480,22,44,2,1
6522,80,46,2,1
51908,443,974,16,0
43011,8080,1156,16,0
50263,443,1035,16,0
42900,53,674,16,0
49663,22,53,2,1
65069,443,183,16,0
49841,8080,724,16,0
17629,443,1140,16,0
61889,21,57,2,1
28434,443,46,2,1
57606,21,58,2,1
15191,80,621,16,0
57812,80,1429,16,0
32738,80,233,16,0
46234,22,40,2,1
25156,443,59,2,1
31946,53,566,16,0
42010,80,148,16,0
58900,22,44,2,1
64438,80,59,2,1
17271,443,199,16,0
63825,21,40,2,1
50357,22,60,2,1
16657,80,49,2,1
13920,21,45,2,1
6699,80,1281,16,0
58081,80,50,2,1
58796,80,947,16,0
9248,22,56,2,1
55818,21,51,2,1
56128,80,620,16,0
55671,80,50,2,1
5331,80,42,2,1
54755,80,824,16,0
23347,53,812,16,0
15388,80,635,16,0
32741,443,45,2,1
31684,80,1045,16,0
2846,8080,719,16,0
18524,80,881,16,0
60362,80,57,2,1
15165,80,48,2,1
42693,443,46,2,1
17095,443,52,2,1
42713,22,55,2,1
18409,80,281,16,0
14661,22,41,2,1
65452,21,47,2,1
33363,8080,1205,16,0
47949,53,560,16,0
22192,80,54,2,1
29886,22,54,2,1
39011,443,42,2,1
23254,22,58,2,1
5515,80,774,16,0
4917,8080,770,16,0
25535,8080,615,16,0
57243,21,44,2,1
30350,443,54,2,1
45279,8080,411,16,0
60009,443,1390,16,0
58685,53,226,16,0
63332,443,553,16,0
60377,21,45,2,1
32528,53,1058,16,0
27392,22,50,2,1
23927,80,316,16,0
36226,53,295,16,0
31530,443,55,2,1
28900,443,406,16,0
23448,21,55,2,1
13120,80,633,16,0
52713,8080,825,16,0
31690,80,479,16,0
34807,53,1096,16,0
15040,443,1121,16,0
51221,53,302,16,0
60100,80,1460,16,0
54365,53,917,16,0
26625,53,728,16,0
40937,21,52,2,1
31908,22,56,2,1
14296,21,45,2,1
58599,22,53,2,1
4984,443,780,16,0
61729,8080,793,16,0
37723,21,45,2,1
19667,21,54,2,1
51724,21,42,2,1
36383,8080,1339,16,0
2963,80,764,16,0
2465,21,47,2,1
44496,53,1191,16,0
37955,443,40,2,1
47701,80,58,2,1
44528,80,44,2,1
37458,80,1037,16,0
2059,80,1448,16,0
29919,80,1345,16,0
12756,443,41,2,1
53385,21,48,2,1
1787,443,1058,16,0
37641,53,947,16,0
59680,80,1017,16,0
10943,8080,506,16,0
29333,21,55,2,1
50158,22,57,2,1
4165,443,667,16,0
3882,443,46,2,1
37774,80,43,2,1
13569,443,1437,16,0
55014,443,54,2,1
65476,22,57,2,1
9489,443,405,16,0
49258,22,46,2,1
32191,80,795,16,0
42341,443,53,2,1
22159,443,550,16,0
63687,443,546,16,0
33586,8080,1290,16,0
58470,22,42,2,1
35367,80,1498,16,0
5952,21,45,2,1
26105,80,1189,16,0
4198,21,49,2,1
45732,22,44,2,1
42575,53,381,16,0
23388,8080,1361,16,0
36121,8080,1246,16,0
47607,80,48,2,1
33913,8080,584,16,0
47444,443,48,2,1
9696,443,58,2,1
8382,8080,693,16,0
34298,443,41,2,1
53039,443,48,2,1
4093,21,56,2,1
53972,22,52,2,1
17750,22,49,2,1
60867,21,57,2,1
61414,443,1424,16,0
30307,80,512,16,0
57469,8080,1464,16,0
44953,8080,1014,16,0
41225,53,794,16,0
14415,443,60,2,1
24321,80,49,2,1
47276,21,43,2,1
35556,8080,375,16,0
34447,8080,404,16,0
31274,21,40,2,1
29742,8080,376,16,0
11389,22,51,2,1
13662,80,1077,16,0
40315,80,792,16,0
52284,80,724,16,0
41513,80,46,2,1
1321,53,1284,16,0
2470,53,470,16,0
15291,80,979,16,0
56937,22,54,2,1
29934,443,50,2,1
64957,53,1430,16,0
15956,80,43,2,1
51878,21,51,2,1
23382,21,49,2,1
39428,22,51,2,1
7590,22,47,2,1
50445,443,1013,16,0
48435,21,58,2,1
34632,8080,1233,16,0
22491,8080,1454,16,0
30480,443,44,2,1
30526,8080,564,16,0
30666,80,45,2,1
12911,80,891,16,0
23345,8080,460,16,0
38622,443,168,16,0
49943,8080,750,16,0
49092,80,442,16,0
4548,21,59,2,1
20669,22,49,2,1
46648,443,1204,16,0
20013,443,40,2,1
18187,8080,1073,16,0
12394,8080,383,16,0
23904,80,42,2,1
3923,22,57,2,1
59559,443,54,2,1
43300,80,840,16,0
46444,21,51,2,1
40741,53,1344,16,0
45281,8080,662,16,0
21737,443,40,2,1
26433,443,55,2,1
59828,22,50,2,1
43706,21,51,2,1
18855,80,666,16,0
51894,22,56,2,1
45406,80,52,2,1
29341,443,395,16,0
29535,80,56,2,1
65222,22,51,2,1
35668,443,55,2,1
52680,22,55,2,1
22057,443,44,2,1
64040,53,1126,16,0
32214,443,55,2,1
42583,22,59,2,1
57330,8080,321,16,0
46541,80,567,16,0
17158,80,989,16,0
3528,443,56,2,1
34045,443,56,2,1
6274,80,57,2,1
45069,53,614,16,0
9742,443,49,2,1
41090,80,55,2,1
29619,21,40,2,1
56472,53,598,16,0
22149,21,58,2,1
59430,443,58,2,1
54286,8080,506,16,0
33765,80,885,16,0
18716,21,41,2,1
8618,21,44,2,1
59514,8080,655,16,0
2849,80,56,2,1
10281,8080,664,16,0
11827,22,59,2,1
41094,80,1061,16,0
1900,22,58,2,1
20324,443,50,2,1
47373,80,289,16,0
63988,53,888,16,0
23140,8080,485,16,0
14732,80,58,2,1
30939,443,50,2,1
9140,443,45,2,1
26359,53,897,16,0
59185,53,1287,16,0
36268,53,592,16,0
44239,443,56,2,1
45148,80,774,16,0
15819,53,778,16,0
24729,80,49,2,1
43396,80,53,2,1
53491,80,42,2,1
11718,8080,325,16,0
55894,22,45,2,1
35784,8080,598,16,0
14675,22,58,2,1
59083,53,558,16,0
16162,443,60,2,1
48224,22,51,2,1
10541,443,47,2,1
50232,53,417,16,0
33469,80,848,16,0
44249,443,792,16,0
3206,53,487,16,0
51684,80,383,16,0
47863,53,1327,16,0
43380,21,58,2,1
56355,21,57,2,1
60821,53,637,16,0
46564,80,53,2,1
7200,8080,1275,16,0
49211,8080,156,16,0
56119,53,311,16,0
61725,443,885,16,0
51674,22,55,2,1
1553,443,51,2,1
53162,80,507,16,0
9744,8080,488,16,0
51241,21,49,2,1
2547,80,120,16,0
5218,21,52,2,1
22909,443,820,16,0
8261,80,53,2,1
61534,53,1445,16,0
16491,53,851,16,0
37938,443,56,2,1
32393,21,51,2,1
54704,80,1204,16,0
55778,22,51,2,1
37064,53,241,16,0
17061,80,487,16,0
16299,80,52,2,1
64682,443,46,2,1
9776,53,927,16,0
60850,8080,268,16,0
63660,80,149,16,0
22395,8080,1328,16,0
22644,53,1046,16,0
33648,443,53,2,1
16415,8080,1462,16,0
7460,80,49,2,1
2454,443,52,2,1
23571,443,1288,16,0
6763,80,958,16,0
5541,80,881,16,0
23611,443,58,2,1
21299,22,44,2,1
57693,22,45,2,1
31604,80,1395,16,0
19132,443,45,2,1
24287,443,390,16,0
18671,443,133,16,0
64281,53,839,16,0
50789,53,751,16,0
56264,53,1109,16,0
24982,80,57,2,1
26223,80,541,16,0
27783,443,55,2,1
1083,443,441,16,0
36425,443,1479,16,0
61673,443,174,16,0
54045,21,59,2,1
16643,21,53,2,1
63957,8080,535,16,0
56595,443,52,2,1
30132,443,492,16,0
64236,80,1135,16,0
46340,80,60,2,1
12442,22,43,2,1
11513,443,516,16,0
20787,22,58,2,1
20212,8080,635,16,0
28650,443,46,2,1
21355,443,51,2,1
37118,443,47,2,1
22670,80,42,2,1
60999,443,45,2,1
46252,443,49,2,1
20001,21,54,2,1
48972,22,58,2,1
17601,80,42,2,1
26708,8080,535,16,0
65050,21,50,2,1
6457,443,767,16,0
19847,21,58,2,1
1575,80,56,2,1
18044,80,58,2,1
36362,53,1084,16,0
33732,80,995,16,0
16305,443,389,16,0
17660,443,54,2,1
10459,21,56,2,1
46527,80,51,2,1
49235,443,56,2,1
10848,22,58,2,1
53440,80,104,16,0
41501,443,54,2,1
14139,8080,193,16,0
15754,8080,678,16,0
9164,80,53,2,1
39145,21,57,2,1
18044,80,950,16,0
13331,443,1121,16,0
23972,443,335,16,0
26550,53,1345,16,0
15505,21,46,2,1
27099,443,1382,16,0
35334,22,41,2,1
31246,80,945,16,0
17973,21,53,2,1
19230,443,675,16,0
48218,80,53,2,1
3661,80,427,16,0
15410,22,58,2,1
32496,443,268,16,0
11552,443,282,16,0
26780,80,56,2,1
18452,443,220,16,0
46468,443,583,16,0
14555,21,58,2,1
15185,80,49,2,1
27385,21,49,2,1
11377,22,53,2,1
19566,22,46,2,1
63888,22,40,2,1
62841,8080,1206,16,0
27617,443,44,2,1
64683,80,1222,16,0
64922,443,1334,16,0
29397,8080,1210,16,0
52771,8080,1182,16,0
27005,80,47,2,1
15069,443,274,16,0
36872,443,1471,16,0
59654,80,325,16,0
53369,22,58,2,1
57900,443,50,2,1
34623,443,48,2,1
27556,8080,1138,16,0
24725,21,48,2,1
54702,21,48,2,1
4263,53,1258,16,0
14119,443,1124,16,0
26061,21,60,2,1
55042,80,1351,16,0
8705,443,1458,16,0
44576,21,57,2,1
29979,443,722,16,0
30407,80,1093,16,0
22694,80,49,2,1
30982,443,1071,16,0
29369,443,550,16,0
33327,53,300,16,0
11093,22,56,2,1
10240,80,47,2,1
63299,22,49,2,1
47263,80,56,2,1
13057,22,59,2,1
6144,443,867,16,0
59999,80,1076,16,0
1170,8080,800,16,0
40508,53,1151,16,0
4159,21,51,2,1
43526,22,41,2,1
40620,21,42,2,1
12533,8080,1103,16,0
40444,443,1272,16,0
14015,80,40,2,1
49242,22,40,2,1
37805,21,48,2,1
54571,21,59,2,1
19029,80,41,2,1
63229,22,53,2,1
32000,80,632,16,0
53400,53,1012,16,0
54254,53,387,16,0
15106,80,45,2,1
64659,22,51,2,1
4757,80,55,2,1
39568,80,57,2,1
2531,443,50,2,1
13102,53,1177,16,0
64819,443,54,2,1
56891,21,56,2,1
19992,80,733,16,0
15755,21,52,2,1
45127,443,1490,16,0
45211,22,47,2,1
65165,80,51,2,1
34385,22,50,2,1
50639,8080,564,16,0
4253,22,44,2,1
35575,80,808,16,0
22381,53,932,16,0
14457,443,57,2,1
40922,53,1125,16,0
32917,22,40,2,1
50324,21,52,2,1
64617,80,1364,16,0
14658,80,40,2,1
21550,21,40,2,1
51115,443,1191,16,0
54749,80,46,2,1
35695,8080,108,16,0
51017,21,42,2,1
11146,22,60,2,1
18362,53,152,16,0
21175,80,50,2,1
46472,80,1087,16,0
15545,80,48,2,1
64654,21,60,2,1
51799,80,47,2,1
23539,53,973,16,0
44554,443,40,2,1
12981,22,58,2,1
32096,443,40,2,1
14128,53,764,16,0
43808,8080,1057,16,0
51859,8080,384,16,0
49224,22,54,2,1
11421,80,52,2,1
21633,53,918,16,0
10232,8080,1030,16,0
29425,21,42,2,1
64518,443,576,16,0
24344,8080,779,16,0
17303,80,56,2,1
54685,80,41,2,1
44468,21,50,2,1
5353,53,1029,16,0
5027,80,41,2,1
50958,80,50,2,1
59545,21,51,2,1
39445,443,41,2,1
37667,21,60,2,1
54690,8080,1222,16,0
36131,53,1191,16,0
41655,443,164,16,0
48692,443,56,2,1
55324,443,1060,16,0
30016,53,560,16,0
61589,53,559,16,0
5919,80,59,2,1
24204,80,57,2,1
20153,8080,178,16,0
2921,53,928,16,0
11562,80,57,2,1
62882,443,44,2,1
22099,22,58,2,1
23116,53,1458,16,0
4050,443,60,2,1
24648,443,496,16,0
41867,8080,1424,16,0
27415,22,43,2,1
13672,443,58,2,1
25215,22,41,2,1
34559,80,49,2,1
47502,8080,657,16,0
6456,80,56,2,1
63143,8080,1222,16,0
28808,53,101,16,0
16613,53,352,16,0
60197,22,46,2,1
54688,443,1298,16,0
55637,53,816,16,0
22939,21,47,2,1
24053,443,41,2,1
61156,21,52,2,1
54806,8080,575,16,0
50824,53,361,16,0
62072,80,45,2,1
23530,22,40,2,1
8102,21,50,2,1
53332,21,51,2,1
47295,443,921,16,0
16091,22,41,2,1
60067,53,1282,16,0
4221,53,1055,16,0
36896,22,58,2,1
43747,8080,315,16,0
37952,22,49,2,1
34398,53,293,16,0
17441,443,694,16,0
57194,80,1398,16,0
61410,21,54,2,1
42550,53,1107,16,0
16058,80,52,2,1
50234,22,48,2,1
2045,53,539,16,0
42584,22,47,2,1
16783,80,1130,16,0
19359,443,827,16,0
12339,22,45,2,1
40520,8080,1108,16,0
61292,443,50,2,1
56685,443,40,2,1
46721,80,343,16,0
24527,443,1134,16,0
51592,443,54,2,1
33463,21,46,2,1
39866,8080,554,16,0
35066,22,46,2,1
16468,443,46,2,1
48811,80,222,16,0
4076,8080,1292,16,0
17929,443,703,16,0
20412,80,800,16,0
41842,53,1281,16,0
22623,53,1037,16,0
6416,443,1489,16,0
25550,80,40,2,1
38574,80,1280,16,0
54828,8080,328,16,0
50439,22,48,2,1
22938,80,1247,16,0
25818,53,266,16,0
1437,22,52,2,1
25266,80,43,2,1
20769,22,50,2,1
63416,443,236,16,0
40013,80,1026,16,0
17121,22,40,2,1
10390,80,58,2,1
44208,8080,1125,16,0
64625,53,733,16,0
41313,443,42,2,1
16673,53,1017,16,0
28843,53,871,16,0
18410,22,40,2,1
10072,80,58,2,1
54299,21,42,2,1
28280,443,47,2,1
63850,443,52,2,1
32111,8080,1292,16,0
61187,80,749,16,0
57345,80,54,2,1
11187,80,993,16,0
34304,8080,642,16,0
23002,53,1381,16,0
15913,8080,1098,16,0
1478,21,49,2,1
48717,21,41,2,1
50555,53,1208,16,0
58861,443,53,2,1
44290,443,56,2,1
25248,53,1388,16,0
32385,22,49,2,1
3562,53,761,16,0
44370,22,59,2,1
55771,443,677,16,0
37044,443,44,2,1
7099,8080,474,16,0
58298,443,56,2,1
10959,443,55,2,1
57153,443,54,2,1
34959,22,52,2,1
20686,53,200,16,0
19789,21,57,2,1
28601,443,50,2,1
27868,443,58,2,1
44809,8080,1459,16,0
21780,80,52,2,1
40803,80,51,2,1
34554,53,455,16,0
28523,80,1047,16,0
25816,22,48,2,1
9659,80,52,2,1
39043,8080,1172,16,0
38487,53,1418,16,0
8595,443,49,2,1
18973,443,1478,16,0
27041,80,42,2,1
35811,80,1324,16,0
45204,443,982,16,0
49488,21,53,2,1
30367,80,461,16,0
32791,21,41,2,1
10571,22,57,2,1
39459,443,56,2,1
19098,22,57,2,1
24692,22,55,2,1
58018,22,54,2,1
15911,53,312,16,0
46030,443,53,2,1
46136,22,46,2,1
22971,443,694,16,0
34538,8080,136,16,0
39352,8080,1495,16,0
6536,443,55,2,1
33902,22,51,2,1
6956,21,49,2,1
17388,22,44,2,1
21694,443,51,2,1
50926,443,50,2,1
65063,443,601,16,0
60911,80,55,2,1
56194,80,582,16,0
28242,443,501,16,0
2894,80,59,2,1
65278,443,1096,16,0
50255,80,41,2,1
38041,21,54,2,1
50677,21,42,2,1
9505,443,56,2,1
28354,443,53,2,1
20804,80,57,2,1
38383,443,55,2,1
34642,443,46,2,1
7431,80,1321,16,0
37400,22,59,2,1
30336,80,1228,16,0
20450,80,983,16,0
7943,80,41,2,1
15771,8080,621,16,0
44139,80,1005,16,0
61506,80,844,16,0
37418,22,48,2,1
9665,8080,543,16,0
9507,53,175,16,0
46157,8080,520,16,0
46061,21,43,2,1
22714,443,655,16,0
1079,80,776,16,0
25182,21,55,2,1
60796,80,210,16,0
64405,443,57,2,1
47113,443,50,2,1
33367,80,43,2,1
47456,80,57,2,1
27199,80,47,2,1
5427,21,45,2,1
16158,22,59,2,1
31332,21,42,2,1
2925,22,44,2,1
11780,22,57,2,1
32226,8080,1299,16,0
33501,443,54,2,1
24195,21,44,2,1
34203,21,41,2,1
4985,53,990,16,0
52154,80,120,16,0
52296,80,49,2,1
19881,80,51,2,1
45518,21,49,2,1
3676,8080,1157,16,0
40161,22,46,2,1
2833,22,46,2,1
24009,443,127,16,0
59666,22,56,2,1
44645,443,473,16,0
49245,80,132,16,0
19772,21,55,2,1
17705,443,500,16,0
11915,443,52,2,1
16408,443,889,16,0
18565,22,45,2,1
19531,443,52,2,1
56368,443,993,16,0
32706,53,386,16,0
37684,53,1118,16,0
64689,443,56,2,1
32942,80,41,2,1
37302,80,1276,16,0
47887,22,57,2,1
7720,443,58,2,1
25937,80,52,2,1
45704,21,46,2,1
7144,443,51,2,1
6255,22,40,2,1
35055,443,108,16,0
52902,80,56,2,1
61930,22,48,2,1
26386,443,44,2,1
4610,80,303,16,0
6544,53,1439,16,0
2708,443,59,2,1
51109,443,1158,16,0
18887,443,51,2,1
57224,8080,721,16,0
61076,8080,1026,16,0
51219,443,641,16,0
62733,8080,218,16,0
7587,443,527,16,0
49429,443,126,16,0
35066,80,873,16,0
32470,80,901,16,0
43230,22,43,2,1
7965,443,1280,16,0
58913,22,57,2,1
34732,8080,1187,16,0
37258,80,41,2,1
50790,80,58,2,1
39457,80,48,2,1
3481,80,42,2,1
34978,53,823,16,0
17978,21,48,2,1
7042,80,40,2,1
37950,22,50,2,1
44022,443,1282,16,0
34647,22,48,2,1
30007,21,41,2,1
59684,8080,502,16,0
44062,8080,587,16,0
8201,53,554,16,0
15660,80,46,2,1
4251,80,51,2,1
39412,53,1167,16,0
5374,22,48,2,1
55718,443,1471,16,0
16086,443,574,16,0
7478,80,557,16,0
15272,21,58,2,1
64008,53,291,16,0
49331,80,44,2,1
51542,80,41,2,1
53465,80,856,16,0
14942,53,868,16,0
34874,22,50,2,1
44109,21,57,2,1
10201,21,48,2,1
4059,21,45,2,1
31764,8080,1173,16,0
55028,21,41,2,1
28951,8080,1375,16,0
23160,8080,1211,16,0
25659,443,745,16,0
61237,80,55,2,1
60036,8080,645,16,0
15189,21,49,2,1
5425,8080,1130,16,0
40914,53,980,16,0
14032,80,1195,16,0
27637,80,58,2,1
23260,21,48,2,1
53641,53,1380,16,0
3903,80,46,2,1
8865,80,49,2,1
26117,443,1024,16,0
30041,22,49,2,1
46623,21,49,2,1
58981,443,47,2,1
62100,443,55,2,1
41535,80,1459,16,0
52137,22,41,2,1
11034,80,283,16,0
3847,80,54,2,1
18403,21,55,2,1
56982,53,411,16,0
50878,8080,1183,16,0
8553,8080,1479,16,0
22697,22,58,2,1
4536,22,48,2,1
4316,8080,884,16,0
54852,22,51,2,1
6825,53,835,16,0
46482,22,41,2,1
7793,80,42,2,1
65153,443,1260,16,0
64731,80,1237,16,0
8956,443,713,16,0
14858,443,42,2,1
52332,22,51,2,1
6829,80,58,2,1
28033,80,380,16,0
54180,53,1488,16,0
35701,8080,1465,16,0
7965,8080,231,16,0
38064,80,634,16,0
14154,21,56,2,1
53255,53,208,16,0
59922,21,60,2,1
33964,443,52,2,1
17320,80,56,2,1
40510,21,44,2,1
35125,21,51,2,1
37286,80,50,2,1
5276,443,58,2,1
32495,80,1290,16,0
53158,8080,311,16,0
58947,8080,347,16,0
31999,80,406,16,0
24526,8080,268,16,0
45474,80,56,2,1
12633,80,59,2,1
60654,53,1489,16,0
59175,21,51,2,1
49532,80,1062,16,0
47126,443,1307,16,0
48110,53,275,16,0
12181,21,56,2,1
43186,80,49,2,1
23610,443,42,2,1
6913,443,746,16,0
45071,53,158,16,0
24971,443,41,2,1
7547,443,518,16,0
35740,443,51,2,1
41751,443,868,16,0
28525,443,57,2,1
54090,443,55,2,1
24763,22,58,2,1
53332,443,393,16,0
29295,21,44,2,1
3020,21,56,2,1
42301,22,53,2,1
22716,53,610,16,0
24556,80,60,2,1
8787,8080,993,16,0
40010,80,55,2,1
41819,22,47,2,1
64159,22,60,2,1
16108,21,60,2,1
18757,80,51,2,1
43354,443,57,2,1
57965,80,57,2,1
53216,21,47,2,1
55808,443,866,16,0
21760,443,523,16,0
24732,443,57,2,1
18296,80,1161,16,0
35694,443,743,16,0
34117,80,41,2,1
55993,8080,1161,16,0
31500,443,182,16,0
64683,443,1071,16,0
10552,80,657,16,0
5229,22,53,2,1
47510,53,1118,16,0
2415,8080,1032,16,0
51817,22,52,2,1
9854,22,50,2,1
11662,22,44,2,1
17342,80,1083,16,0
21536,443,58,2,1
18111,53,576,16,0
1249,80,46,2,1
35572,21,58,2,1
51752,21,51,2,1
5011,22,56,2,1
4768,80,611,16,0
23190,22,48,2,1
17440,8080,149,16,0
35212,80,827,16,0
45578,443,57,2,1
20956,53,1161,16,0
7069,21,51,2,1
40171,443,934,16,0
28341,21,45,2,1
38715,80,552,16,0
64983,22,46,2,1
40993,8080,1312,16,0
58459,443,53,2,1
8715,22,45,2,1
43726,443,57,2,1
44025,22,43,2,1
47571,443,59,2,1
17144,21,41,2,1
45590,443,43,2,1
19026,8080,193,16,0
48892,8080,1385,16,0
65261,22,41,2,1
62896,443,53,2,1
15194,80,1094,16,0
12393,443,321,16,0
65308,22,44,2,1
59757,22,49,2,1
56216,53,1422,16,0
20151,80,47,2,1
15734,443,59,2,1
11455,22,54,2,1
52145,443,1406,16,0
24149,443,60,2,1
7857,80,933,16,0
38952,80,703,16,0
20343,22,42,2,1
14054,8080,118,16,0
5217,8080,569,16,0
44353,8080,1034,16,0
55588,22,60,2,1
37761,443,58,2,1
11276,443,1451,16,0
10947,80,53,2,1
29914,443,1483,16,0
61338,21,60,2,1
36776,80,42,2,1
29383,80,60,2,1
18479,22,53,2,1
63542,8080,1443,16,0
56118,21,60,2,1
17235,21,56,2,1
60473,443,588,16,0
27762,8080,511,16,0
56676,8080,1155,16,0
7202,22,42,2,1
33947,21,56,2,1
62144,53,1068,16,0
11168,80,59,2,1
20670,22,46,2,1
2601,443,419,16,0
47485,21,54,2,1
21746,443,486,16,0
22402,443,53,2,1
13179,443,58,2,1
33722,21,55,2,1
50844,80,878,16,0
28383,443,1390,16,0
47749,443,184,16,0
35618,443,1052,16,0
4423,21,55,2,1
49050,443,49,2,1
55454,443,698,16,0
57269,443,1154,16,0
32206,8080,1302,16,0
53825,22,47,2,1
3205,53,164,16,0
50908,8080,1277,16,0
46618,80,45,2,1
52992,443,55,2,1
32737,80,667,16,0
57212,53,482,16,0
39744,443,47,2,1
59586,53,669,16,0
42158,53,721,16,0
2017,22,46,2,1
49684,22,42,2,1
59329,80,1250,16,0
3780,443,57,2,1
5438,443,1104,16,0
13821,8080,108,16,0
49716,80,1468,16,0
52033,443,123,16,0
30460,443,58,2,1
47279,22,57,2,1
55503,21,52,2,1
32125,443,1019,16,0
31080,8080,1195,16,0
17337,443,959,16,0
41593,443,174,16,0
43275,80,55,2,1
42575,443,151,16,0
54363,80,988,16,0
47643,22,59,2,1
52635,443,1258,16,0
43333,443,782,16,0
6760,22,42,2,1
27621,443,284,16,0
36852,443,1174,16,0
6647,21,41,2,1
41548,80,47,2,1
4382,53,518,16,0
14324,53,836,16,0
16511,53,409,16,0
60237,80,47,2,1
59317,8080,1292,16,0
36721,21,42,2,1
25462,22,44,2,1
62680,53,1468,16,0
45043,80,54,2,1
52886,443,343,16,0
55946,443,42,2,1
13285,53,405,16,0
48055,443,46,2,1
14962,22,57,2,1
58131,8080,208,16,0
36658,443,704,16,0
11133,22,60,2,1
7225,443,55,2,1
7784,80,180,16,0
44944,22,48,2,1
46832,8080,1401,16,0
61064,53,662,16,0
50212,8080,741,16,0
24343,8080,1357,16,0
15566,443,859,16,0
57633,22,45,2,1
24595,80,962,16,0
29627,53,575,16,0
18581,22,50,2,1
62547,80,51,2,1
6790,443,59,2,1
5878,80,537,16,0
59103,21,59,2,1
33288,80,55,2,1
16723,80,44,2,1
39848,8080,226,16,0
39370,80,45,2,1
33073,443,55,2,1
33430,22,54,2,1
31831,22,50,2,1
64294,8080,1297,16,0
59417,22,40,2,1
35543,443,48,2,1
13495,8080,1234,16,0
25281,80,1444,16,0
43782,443,1111,16,0
9532,21,56,2,1
42995,8080,1117,16,0
13916,53,1196,16,0
53708,80,848,16,0
61590,21,49,2,1
40101,443,43,2,1
44224,22,43,2,1
43731,53,1408,16,0
50680,22,49,2,1
22448,443,1478,16,0
54405,443,1044,16,0
7136,22,59,2,1
14401,443,54,2,1
44076,8080,647,16,0
33271,21,57,2,1
19984,22,43,2,1
47802,80,362,16,0
27308,22,46,2,1
16672,80,1422,16,0
40563,21,54,2,1
40787,443,52,2,1
43267,22,55,2,1
24914,53,224,16,0
5268,53,1473,16,0
4533,80,1197,16,0
23799,443,47,2,1
7966,443,56,2,1
13440,443,44,2,1
51642,443,46,2,1
36315,443,444,16,0
55558,443,931,16,0
47407,80,54,2,1
7341,21,51,2,1
61029,8080,1026,16,0
41527,8080,1373,16,0
59350,80,593,16,0
13546,80,44,2,1
45078,8080,622,16,0
38656,53,1213,16,0
24336,443,777,16,0
16458,8080,609,16,0
54464,443,57,2,1
24241,8080,695,16,0
53784,443,110,16,0
4377,80,42,2,1
27108,80,40,2,1
23767,80,58,2,1
35769,443,44,2,1
55802,443,57,2,1
42921,80,46,2,1
22520,22,57,2,1
34882,53,1352,16,0
11095,22,55,2,1
61476,21,52,2,1
3800,22,58,2,1
20427,80,335,16,0
25666,443,413,16,0
40235,21,40,2,1
59899,443,1102,16,0
4337,80,55,2,1
54690,22,54,2,1
6678,53,984,16,0
30806,8080,1383,16,0
59573,443,45,2,1
29200,21,58,2,1
17261,21,48,2,1
63825,8080,877,16,0
4984,443,46,2,1
52254,22,56,2,1
30908,53,366,16,0
27674,80,1217,16,0
50882,443,1159,16,0
48452,80,1263,16,0
18743,21,49,2,1
61603,22,52,2,1
61409,80,57,2,1
37362,443,1147,16,0
23197,443,626,16,0
50114,80,43,2,1
9492,80,55,2,1
1334,53,639,16,0
31647,8080,206,16,0
45048,8080,537,16,0
48479,443,547,16,0
36501,443,208,16,0
43595,443,59,2,1
22631,22,60,2,1
32824,80,492,16,0
51158,53,510,16,0
65389,443,675,16,0
44786,22,57,2,1
19302,22,51,2,1
61095,443,52,2,1
14047,22,43,2,1
54497,53,192,16,0
28900,53,574,16,0
56395,21,48,2,1
44730,80,1078,16,0
46070,53,542,16,0
9616,443,43,2,1
47581,80,1109,16,0
63667,443,619,16,0
2936,22,51,2,1
44811,53,829,16,0
11393,443,720,16,0
20464,8080,531,16,0
12808,80,49,2,1
7752,80,59,2,1
56377,443,49,2,1
28644,80,40,2,1
50189,22,51,2,1
57110,22,42,2,1
62638,443,42,2,1
62016,80,45,2,1
24815,8080,740,16,0
52676,8080,1029,16,0
37238,443,49,2,1
32599,443,859,16,0
18987,80,52,2,1
48525,53,1257,16,0
53455,80,50,2,1
42345,80,52,2,1
45967,443,236,16,0
59758,80,1381,16,0
48358,53,906,16,0
3217,443,279,16,0
35596,53,1013,16,0
2293,22,56,2,1
37669,53,340,16,0
54787,53,1313,16,0
60207,80,58,2,1
47984,8080,1307,16,0
34092,80,59,2,1
30412,53,895,16,0
42586,8080,1044,16,0
50534,53,279,16,0
1848,443,725,16,0
33511,21,50,2,1
32002,21,49,2,1
37793,21,42,2,1
7390,443,1108,16,0
64941,8080,542,16,0
49830,8080,580,16,0
2672,80,54,2,1
58303,80,53,2,1
29132,80,53,2,1
20593,21,51,2,1
62144,80,56,2,1
52290,443,42,2,1
9557,8080,879,16,0
34290,21,48,2,1
41375,21,41,2,1
46814,8080,1113,16,0
51561,8080,689,16,0
32770,53,1394,16,0
10464,53,1300,16,0
22632,22,47,2,1
24039,21,44,2,1
48977,8080,805,16,0
12634,80,40,2,1
34869,443,813,16,0
12604,8080,250,16,0
62681,53,1150,16,0
13173,443,1049,16,0
36006,80,836,16,0
32962,22,60,2,1
64763,21,60,2,1
19004,443,1441,16,0
47233,443,1016,16,0
18407,80,58,2,1
25836,21,48,2,1
31879,53,1135,16,0
48840,21,49,2,1
10857,53,672,16,0
42715,443,889,16,0
53185,22,57,2,1
47826,53,224,16,0
65042,443,40,2,1
55082,53,131,16,0
47911,443,1269,16,0
14657,21,59,2,1
21490,8080,944,16,0
1738,80,871,16,0
48025,8080,1293,16,0
43526,53,1452,16,0
18654,80,1499,16,0
21481,8080,1328,16,0
35386,53,1208,16,0
61446,80,41,2,1
57700,22,49,2,1
50780,53,392,16,0
53856,53,693,16,0
11291,8080,655,16,0
54281,53,1444,16,0
41413,443,42,2,1
34411,80,1038,16,0
50363,80,57,2,1
28896,80,47,2,1
47272,443,55,2,1
32803,21,41,2,1
29463,21,41,2,1
33352,8080,1461,16,0
54119,80,381,16,0
37173,8080,546,16,0
60181,443,41,2,1
30756,443,758,16,0
10034,53,507,16,0
17109,8080,426,16,0
54426,53,1303,16,0
9447,53,421,16,0
61776,22,47,2,1
43270,8080,1331,16,0
62192,443,1007,16,0
10665,8080,1244,16,0
57583,80,575,16,0
35373,22,44,2,1
19809,21,45,2,1
20012,443,52,2,1
55207,80,49,2,1
49406,22,40,2,1
60186,53,1359,16,0
21141,21,58,2,1
50288,21,53,2,1
10526,80,100,16,0
59569,53,279,16,0
15745,443,40,2,1
21297,443,56,2,1
12246,443,1102,16,0
63849,8080,1157,16,0
63170,443,1473,16,0
54660,80,251,16,0
19830,80,40,2,1
12492,22,59,2,1
6213,80,42,2,1
10831,8080,1037,16,0
42895,443,45,2,1
18420,80,248,16,0
36184,21,48,2,1
41095,21,57,2,1
42003,22,58,2,1
48764,80,48,2,1
46312,80,1205,16,0
45907,53,746,16,0
2271,22,53,2,1
20653,53,1199,16,0
7495,21,56,2,1
32915,53,772,16,0
14556,443,1159,16,0
61541,80,957,16,0
50594,443,1013,16,0
58571,443,1050,16,0
41289,80,502,16,0
39509,8080,490,16,0
65287,80,60,2,1
54724,80,59,2,1
48177,443,478,16,0
59142,53,1463,16,0
54384,22,54,2,1
15355,22,40,2,1
21225,443,57,2,1
20448,21,56,2,1
63047,443,55,2,1
9489,53,313,16,0
25276,80,1319,16,0
2062,80,1322,16,0
42621,443,805,16,0
61476,8080,361,16,0
7643,22,48,2,1
28108,53,1343,16,0
44879,80,1323,16,0
33251,443,41,2,1
55403,53,1376,16,0
25426,80,52,2,1
50303,80,48,2,1
1054,443,51,2,1
65306,443,41,2,1
14414,53,1377,16,0
4425,80,44,2,1
61480,443,43,2,1
24513,443,53,2,1
64094,53,279,16,0
5826,443,49,2,1
25544,53,464,16,0
64856,80,1056,16,0
42747,8080,1279,16,0
61417,443,954,16,0
62835,80,1468,16,0
28920,443,41,2,1
62988,80,44,2,1
59658,80,1037,16,0
20783,80,593,16,0
21957,8080,1321,16,0
37931,53,848,16,0
43878,443,58,2,1
14670,80,45,2,1
29722,443,59,2,1
12294,21,57,2,1
23459,80,510,16,0
46186,80,486,16,0
16824,443,51,2,1
43706,22,55,2,1
47489,8080,1364,16,0
19012,443,824,16,0
40072,22,45,2,1
47451,21,52,2,1
11040,53,984,16,0
35051,80,563,16,0
1429,80,51,2,1
62943,21,54,2,1
19320,8080,1111,16,0
56904,443,58,2,1
40109,53,996,16,0
25413,53,426,16,0
59754,443,146,16,0
23423,80,890,16,0
48860,443,1072,16,0
42449,21,40,2,1
24000,80,55,2,1
59180,8080,715,16,0
65291,21,55,2,1
47153,80,60,2,1
13670,80,1496,16,0
41123,21,53,2,1
36526,8080,741,16,0
27640,53,133,16,0
40664,443,41,2,1
49183,80,59,2,1
38035,80,1317,16,0
54251,443,1173,16,0
56524,443,57,2,1
58830,443,540,16,0
48918,80,861,16,0
31193,21,52,2,1
31409,22,57,2,1
9680,443,875,16,0
56445,53,1416,16,0
28582,443,1039,16,0
17810,21,53,2,1
17954,53,749,16,0
45619,8080,1227,16,0
32504,443,568,16,0
44830,53,1105,16,0
10066,8080,1254,16,0
28377,80,987,16,0
59919,443,53,2,1
6145,443,55,2,1
17541,443,324,16,0
45242,21,60,2,1
50464,80,605,16,0
36338,8080,1485,16,0
15245,80,1209,16,0
55239,8080,1432,16,0
28417,80,833,16,0
38306,22,52,2,1
65453,80,1364,16,0
48887,22,46,2,1
62759,22,45,2,1
51880,443,40,2,1
15116,443,53,2,1
60866,22,60,2,1
58580,443,53,2,1
43316,80,59,2,1
58781,80,1130,16,0
6714,21,52,2,1
14690,21,46,2,1
3961,8080,1289,16,0
45042,53,659,16,0
10270,21,40,2,1
35128,80,58,2,1
28087,443,292,16,0
42933,53,259,16,0
27375,21,54,2,1
10790,80,269,16,0
4706,80,53,2,1
57653,21,54,2,1
7099,8080,559,16,0
3627,21,41,2,1
3395,443,53,2,1
35122,443,50,2,1
21878,8080,1250,16,0
60266,53,645,16,0
22994,8080,120,16,0
21669,443,53,2,1
35434,21,42,2,1
30630,8080,252,16,0
56032,21,41,2,1
26002,80,59,2,1
45340,80,990,16,0
59419,80,41,2,1
8056,8080,1338,16,0
51138,443,48,2,1
18239,21,57,2,1
17355,22,57,2,1
15837,21,56,2,1
50734,22,47,2,1
9239,8080,1093,16,0
7069,22,60,2,1
16077,443,1272,16,0
30481,8080,1008,16,0
41003,80,802,16,0
6988,53,889,16,0
22343,53,483,16,0
11318,80,355,16,0
24875,21,58,2,1
11731,443,928,16,0
31899,443,392,16,0
36389,22,49,2,1
23966,22,60,2,1
28261,80,293,16,0
61139,22,54,2,1
16410,443,48,2,1
13896,80,41,2,1
3808,22,50,2,1
61939,53,1245,16,0
28393,22,52,2,1
22549,22,51,2,1
2497,443,59,2,1
23027,8080,164,16,0
40433,443,47,2,1
45925,443,54,2,1
26594,80,266,16,0
22856,443,45,2,1
8661,53,408,16,0
34924,8080,170,16,0
1996,443,45,2,1
4581,443,50,2,1
61489,443,648,16,0
63562,53,1325,16,0
13168,22,55,2,1
47511,8080,1367,16,0
54869,80,237,16,0
22548,443,226,16,0
42162,443,58,2,1
22354,53,1052,16,0
51283,443,59,2,1
42609,21,50,2,1
30786,8080,999,16,0
57707,80,1080,16,0
15739,80,43,2,1
36966,80,1356,16,0
65204,22,60,2,1
16523,80,53,2,1
41274,80,1349,16,0
7423,80,1289,16,0
26841,21,41,2,1
35412,53,1009,16,0
37926,21,52,2,1
48941,53,908,16,0
30173,8080,1221,16,0
14923,22,51,2,1
45150,443,1115,16,0
17333,8080,1093,16,0
31457,22,41,2,1
7448,53,799,16,0
12407,80,288,16,0
31913,80,1456,16,0
54561,21,58,2,1
63651,443,561,16,0
49682,443,1143,16,0
17855,443,984,16,0
1662,443,1057,16,0
40760,80,1410,16,0
57865,80,1464,16,0
37386,8080,1094,16,0
25574,21,46,2,1
16584,22,46,2,1
57916,443,141,16,0
49289,21,46,2,1
44029,443,40,2,1
6751,22,54,2,1
25839,80,512,16,0
30985,80,1484,16,0
65096,53,981,16,0
11364,22,44,2,1
15459,8080,124,16,0
58074,443,48,2,1
23394,80,618,16,0
43855,80,1449,16,0
45601,22,56,2,1
37603,53,1464,16,0
45673,8080,1435,16,0
57673,53,726,16,0
3454,443,40,2,1
42559,8080,1452,16,0
31120,8080,629,16,0
23105,8080,949,16,0
9344,21,59,2,1
55932,443,50,2,1
65062,53,819,16,0
38633,8080,1148,16,0
11178,21,46,2,1
42824,21,55,2,1
31900,80,1399,16,0
43049,443,1304,16,0
39786,8080,1199,16,0
16073,21,50,2,1
55471,443,40,2,1
7628,21,50,2,1
12005,443,858,16,0
33981,53,1011,16,0
1310,80,312,16,0
31129,80,691,16,0
15676,443,53,2,1
30213,22,54,2,1
59498,443,177,16,0
32038,443,1157,16,0
9840,8080,725,16,0
57994,22,51,2,1
7029,443,1033,16,0
12536,80,1241,16,0
57777,80,204,16,0
41807,443,695,16,0
3569,21,49,2,1
38103,443,56,2,1
27608,21,47,2,1
60991,80,1042,16,0
52181,8080,917,16,0
14840,53,665,16,0
33766,21,58,2,1
56043,443,580,16,0
32533,22,46,2,1
42692,53,568,16,0
13319,443,472,16,0
56217,22,44,2,1
45262,8080,1413,16,0
38724,8080,1396,16,0
29075,22,59,2,1
26963,21,40,2,1
21720,80,1294,16,0
34494,80,463,16,0
42444,22,45,2,1
20600,22,41,2,1
46910,8080,446,16,0
52500,21,60,2,1
63292,22,48,2,1
62246,21,53,2,1
42497,8080,651,16,0
17556,22,48,2,1
62605,8080,181,16,0
4738,53,725,16,0
42161,443,145,16,0
41592,8080,1492,16,0
1307,22,41,2,1
12658,80,48,2,1
33102,22,51,2,1
34281,443,44,2,1
28636,443,563,16,0
60033,21,55,2,1
50021,53,634,16,0
47637,8080,543,16,0
63719,80,1342,16,0
44831,8080,734,16,0
17264,443,45,2,1
6601,80,48,2,1
24788,443,133,16,0
40603,443,49,2,1
23125,80,44,2,1
4418,22,60,2,1
35815,22,43,2,1
19243,8080,936,16,0
27609,443,46,2,1
12828,443,45,2,1
21860,80,50,2,1
8189,443,594,16,0
62776,8080,862,16,0
19628,53,1292,16,0
40293,22,46,2,1
43768,53,1245,16,0
63243,8080,1205,16,0
6541,22,49,2,1
39717,80,1111,16,0
27681,443,1048,16,0
28135,22,56,2,1
59180,80,40,2,1
27778,53,152,16,0
38757,443,1293,16,0
57023,80,58,2,1
26711,443,409,16,0
62993,443,279,16,0
18168,53,719,16,0
25887,443,50,2,1
6658,22,42,2,1
28756,22,58,2,1
6700,8080,261,16,0
16452,80,48,2,1
21990,21,50,2,1
5885,80,178,16,0
18448,80,1456,16,0
43404,443,42,2,1
51644,22,48,2,1
42661,8080,600,16,0
59369,21,50,2,1
22379,53,352,16,0
13874,22,59,2,1
32296,8080,1436,16,0
56843,80,40,2,1
44685,8080,701,16,0
49768,21,43,2,1
47344,443,251,16,0
31761,22,57,2,1
61006,443,57,2,1
30172,8080,262,16,0
54164,443,59,2,1
63424,443,59,2,1
36706,8080,347,16,0
60517,443,42,2,1
44190,443,704,16,0
37758,443,224,16,0
2937,80,44,2,1
17373,21,56,2,1
23823,8080,1428,16,0
22077,443,50,2,1
64551,443,447,16,0
3060,8080,227,16,0
60554,21,51,2,1
17861,80,59,2,1
14401,80,53,2,1
52572,80,1424,16,0
57411,8080,465,16,0
11866,443,52,2,1
17426,21,41,2,1
31831,80,41,2,1
5568,22,52,2,1
45242,22,43,2,1
64969,22,41,2,1
14464,80,626,16,0
23715,22,54,2,1
10898,443,964,16,0
28765,8080,185,16,0
56853,80,506,16,0
15065,443,1361,16,0
27496,80,157,16,0
55206,80,1401,16,0
9186,21,58,2,1
55706,443,42,2,1
29112,80,49,2,1
17379,53,113,16,0
36828,53,1094,16,0
40603,80,47,2,1
45238,21,53,2,1
18778,8080,1428,16,0
38876,443,59,2,1
55434,53,1325,16,0
59252,80,523,16,0
23828,22,57,2,1
62777,443,43,2,1
17142,8080,499,16,0
60628,80,45,2,1
39756,443,54,2,1
31030,80,1379,16,0
55366,80,1400,16,0
22001,53,359,16,0
34742,53,185,16,0
14064,8080,164,16,0
31951,443,52,2,1
56444,8080,588,16,0
4521,8080,1353,16,0
27917,80,43,2,1
29349,21,42,2,1
11829,8080,515,16,0
65191,443,1044,16,0
2896,443,704,16,0
20970,21,49,2,1
26973,8080,1485,16,0
25472,80,47,2,1
64570,443,870,16,0
30374,80,49,2,1
24748,443,362,16,0
29775,53,892,16,0
1451,21,52,2,1
22706,80,49,2,1
15320,80,1482,16,0
23274,53,925,16,0
22730,443,116,16,0
6707,21,43,2,1
48138,443,1265,16,0
61225,80,962,16,0
19875,80,231,16,0
47709,80,953,16,0
6946,80,392,16,0
41153,21,43,2,1
37554,22,59,2,1
19722,443,57,2,1
17539,53,709,16,0
49027,8080,1417,16,0
45381,21,48,2,1
62539,80,1332,16,0
41318,443,431,16,0
2058,80,208,16,0
51365,8080,178,16,0
1468,80,954,16,0
34754,22,51,2,1
30409,80,306,16,0
50687,22,45,2,1
43871,21,46,2,1
33455,53,327,16,0
49040,53,299,16,0
38647,443,301,16,0
54826,80,729,16,0
42849,53,1067,16,0
17952,80,474,16,0
21733,53,180,16,0
21896,53,552,16,0
44451,80,45,2,1
20682,80,52,2,1
51397,21,59,2,1
46794,443,708,16,0
11229,8080,1041,16,0
16273,443,53,2,1
65116,443,914,16,0
38323,443,45,2,1
34805,8080,675,16,0
65276,80,1249,16,0
23746,22,52,2,1
60289,443,939,16,0
30720,80,44,2,1
26214,22,55,2,1
11554,80,680,16,0
58893,8080,1437,16,0
21577,443,52,2,1
38063,53,559,16,0
44823,21,42,2,1
30194,443,46,2,1
44035,80,393,16,0
23315,443,1189,16,0
22737,53,655,16,0
3814,80,1039,16,0
64974,80,631,16,0
15392,80,48,2,1
28772,80,1031,16,0
24180,80,43,2,1
50485,443,40,2,1
38886,21,48,2,1
20247,443,1450,16,0
23405,8080,147,16,0
52835,8080,752,16,0
26258,21,43,2,1
6568,443,620,16,0
21541,53,345,16,0
42675,80,58,2,1
42872,80,904,16,0
42314,22,56,2,1
57046,53,1341,16,0
12331,443,43,2,1
37503,8080,469,16,0
56260,53,201,16,0
16642,443,55,2,1
63992,443,49,2,1
9751,22,60,2,1
13287,8080,584,16,0
12470,443,317,16,0
29368,8080,1330,16,0
61250,80,1223,16,0
14588,80,655,16,0
16837,22,55,2,1
64079,53,808,16,0
18996,8080,207,16,0
49866,53,754,16,0
32011,21,42,2,1
45346,8080,1038,16,0
20939,22,50,2,1
23800,53,982,16,0
60938,80,1331,16,0
3239,443,930,16,0
55045,21,50,2,1
5160,443,49,2,1
18671,443,418,16,0
51758,443,51,2,1
6384,80,1313,16,0
36124,22,51,2,1
15397,21,54,2,1
12487,22,43,2,1
43377,21,43,2,1
61825,443,56,2,1
9447,21,48,2,1
25866,22,46,2,1
9966,443,40,2,1
46972,443,59,2,1
24602,80,515,16,0
52385,8080,1470,16,0
20956,8080,792,16,0
50084,21,53,2,1
62206,8080,103,16,0
3548,443,103,16,0
36860,80,1370,16,0
20898,443,55,2,1
55574,21,58,2,1
26742,443,795,16,0
27628,80,309,16,0
56516,80,48,2,1
23618,8080,108,16,0
58699,8080,236,16,0
6902,80,611,16,0
5575,53,232,16,0
59763,443,57,2,1
22576,21,53,2,1
55134,80,42,2,1
11962,53,1363,16,0
3058,21,55,2,1
27403,8080,1342,16,0
17090,443,849,16,0
10747,22,43,2,1
34387,53,405,16,0
39710,53,252,16,0
55374,443,56,2,1
45788,22,44,2,1
29798,80,589,16,0
65409,443,678,16,0
16662,22,42,2,1
25291,22,60,2,1
4988,443,48,2,1
24949,80,60,2,1
51006,443,57,2,1
16796,8080,555,16,0
24386,22,54,2,1
40388,53,1227,16,0
20282,53,465,16,0
7694,443,1318,16,0
13003,443,55,2,1
38417,80,202,16,0
46917,22,40,2,1
41674,443,51,2,1
5690,80,752,16,0
40039,443,43,2,1
41013,22,51,2,1
6357,443,56,2,1
23713,443,671,16,0
35628,443,52,2,1
2142,80,47,2,1
28082,80,57,2,1
55890,80,42,2,1
64594,443,49,2,1
24962,80,42,2,1
60331,53,654,16,0
1688,80,1034,16,0
18862,21,53,2,1
9810,53,575,16,0
26675,8080,1179,16,0
31823,8080,919,16,0
11587,443,51,2,1
22216,21,48,2,1
28471,80,60,2,1
51452,443,55,2,1
50705,21,59,2,1
37622,443,46,2,1
29023,8080,590,16,0
31144,443,45,2,1
62353,443,1496,16,0
63992,53,1121,16,0
35637,53,1048,16,0
36699,21,53,2,1
20131,443,49,2,1
65249,8080,959,16,0
7774,21,51,2,1
46790,22,55,2,1
58669,22,58,2,1
22775,443,51,2,1
9159,22,57,2,1
15715,80,1437,16,0
49061,80,59,2,1
46578,443,317,16,0
25060,8080,127,16,0
9287,8080,1374,16,0
1250,443,40,2,1
1965,80,188,16,0
39382,21,46,2,1
36904,21,47,2,1
23244,8080,162,16,0
37393,8080,1166,16,0
11623,22,52,2,1
46920,53,278,16,0
46745,80,1356,16,0
40195,443,44,2,1
63972,80,51,2,1
8076,443,53,2,1
34443,443,40,2,1
49582,80,437,16,0
11732,53,474,16,0
58924,443,49,2,1
37869,21,41,2,1
25119,53,814,16,0
28471,22,50,2,1
45171,80,50,2,1
16930,21,53,2,1
49337,80,40,2,1
41801,8080,1103,16,0
28741,53,906,16,0
60863,80,44,2,1
26419,80,1050,16,0
45214,80,59,2,1
50525,443,799,16,0
39609,22,54,2,1
50521,443,676,16,0
20265,21,57,2,1
2415,53,1409,16,0
31531,80,40,2,1
2939,443,139,16,0
12760,53,379,16,0
55995,443,845,16,0
20944,443,351,16,0
27063,443,55,2,1
6688,443,46,2,1
49643,8080,848,16,0
43977,443,45,2,1
26081,80,49,2,1
17682,80,55,2,1
59173,8080,1359,16,0
31671,80,46,2,1
10112,443,53,2,1
18601,21,52,2,1
3457,80,53,2,1
32995,22,52,2,1
29057,8080,135,16,0
1448,53,650,16,0
7761,53,880,16,0
28699,53,610,16,0
6876,53,760,16,0
44860,53,922,16,0
58509,53,173,16,0
50363,21,51,2,1
29438,443,1463,16,0
21122,443,46,2,1
35698,21,60,2,1
10327,443,42,2,1
26511,80,465,16,0
17734,80,58,2,1
19184,21,43,2,1
31999,80,368,16,0
49016,443,52,2,1
21868,8080,1369,16,0
63566,21,48,2,1
1894,80,58,2,1
25310,21,47,2,1
31193,80,43,2,1
39791,443,40,2,1
43141,53,210,16,0
24425,22,49,2,1
15628,80,52,2,1
22088,443,1293,16,0
19524,443,44,2,1
47594,80,247,16,0
52039,80,57,2,1
6850,80,530,16,0
50091,22,47,2,1
31370,80,52,2,1
41662,443,859,16,0
60412,22,47,2,1
34240,443,427,16,0
7933,22,40,2,1
61780,53,904,16,0
57526,443,987,16,0
61939,21,56,2,1
1749,80,492,16,0
48968,80,667,16,0
10246,22,41,2,1
40382,443,1460,16,0
64270,443,59,2,1
21075,21,52,2,1
30176,443,920,16,0
7310,80,260,16,0
17237,80,53,2,1
26068,21,54,2,1
45597,443,1031,16,0
37736,80,51,2,1
52198,8080,517,16,0
59285,22,55,2,1
16826,80,1226,16,0
34348,80,41,2,1
60304,80,798,16,0
58002,443,52,2,1
33757,443,991,16,0
14568,21,40,2,1
29258,443,521,16,0
35436,22,44,2,1
56280,21,57,2,1
7298,443,57,2,1
9871,8080,1318,16,0
64214,443,47,2,1
21247,53,388,16,0
44806,22,48,2,1
44791,80,58,2,1
15685,21,44,2,1
62951,80,612,16,0
6940,80,45,2,1
43705,443,51,2,1
63368,80,54,2,1
53233,80,41,2,1
5957,443,51,2,1
39081,80,375,16,0
28404,80,40,2,1
63518,22,44,2,1
30784,8080,455,16,0
38759,80,60,2,1
40380,80,53,2,1
26431,80,968,16,0
24790,80,765,16,0
35135,53,773,16,0
6571,8080,936,16,0
50336,53,177,16,0
35219,22,54,2,1
20033,80,47,2,1
10912,80,47,2,1
45748,22,41,2,1
50704,53,949,16,0
22221,80,54,2,1
4435,22,54,2,1
59545,53,1380,16,0
31726,21,52,2,1
52451,8080,394,16,0
51225,21,45,2,1
10249,80,55,2,1
58372,53,777,16,0
56903,443,58,2,1
31303,443,554,16,0
50603,8080,938,16,0
51221,443,60,2,1
60160,80,56,2,1
44811,443,188,16,0
54977,80,57,2,1
45300,443,839,16,0
40317,8080,609,16,0
12857,80,900,16,0
50082,443,52,2,1
56834,443,867,16,0
53053,21,58,2,1
30763,21,52,2,1
18772,443,1233,16,0
39248,8080,634,16,0
64627,443,59,2,1
5818,8080,1144,16,0
59337,443,123,16,0
54824,22,41,2,1
31007,443,610,16,0
59180,443,57,2,1
50241,21,41,2,1
3388,21,57,2,1
31559,80,1278,16,0
26839,21,40,2,1
24563,22,54,2,1
3171,8080,336,16,0
44042,80,972,16,0
54679,8080,132,16,0
46146,443,43,2,1
52983,80,155,16,0
11169,53,1113,16,0
64899,8080,1314,16,0
49935,443,41,2,1
9822,22,46,2,1
45853,21,49,2,1
28462,53,271,16,0
8347,80,865,16,0
62766,443,55,2,1
42010,22,58,2,1
7801,21,44,2,1
24283,22,59,2,1
40756,22,60,2,1
47267,443,58,2,1
22012,443,55,2,1
48209,443,49,2,1
33508,8080,131,16,0
19664,8080,735,16,0
40129,21,41,2,1
58489,443,1040,16,0
61039,8080,1199,16,0
29825,443,47,2,1
17755,80,46,2,1
35429,443,556,16,0
5580,21,46,2,1
14882,80,42,2,1
15048,80,49,2,1
2598,53,371,16,0
48108,443,45,2,1
54272,22,58,2,1
30198,443,59,2,1
1374,21,47,2,1
6103,53,522,16,0
29246,22,41,2,1
59727,443,135,16,0
9239,443,44,2,1
48673,80,499,16,0
61165,80,53,2,1
2801,80,55,2,1
65238,8080,415,16,0
31541,21,49,2,1
54068,8080,998,16,0
60079,80,871,16,0
21040,53,1119,16,0
60604,443,54,2,1
46790,22,56,2,1
17500,8080,1005,16,0
56542,22,51,2,1
64337,80,1043,16,0
56246,80,51,2,1
47457,22,58,2,1
47547,53,1173,16,0
49397,443,56,2,1
18686,443,1187,16,0
36260,21,54,2,1
38102,21,50,2,1
15801,80,1021,16,0
5114,80,352,16,0
22082,53,748,16,0
12124,53,443,16,0
47422,53,976,16,0
59012,21,45,2,1
31164,80,960,16,0
60569,80,59,2,1
45782,22,40,2,1
25304,80,55,2,1
7651,22,44,2,1
33646,22,50,2,1
56041,21,57,2,1
15256,80,1357,16,0
46861,21,55,2,1
47251,8080,1094,16,0
24849,443,975,16,0
15774,80,482,16,0
35949,80,40,2,1
1214,443,584,16,0
61796,80,593,16,0
55078,8080,436,16,0
33099,8080,887,16,0
50188,53,1426,16,0
64067,53,581,16,0
61502,80,44,2,1
33247,80,47,2,1
3502,21,49,2,1
24994,22,57,2,1
25508,8080,258,16,0
37592,53,1393,16,0
30911,80,1089,16,0
46131,80,56,2,1
23215,80,55,2,1
59540,80,608,16,0
20192,80,52,2,1
37435,80,41,2,1
30259,21,48,2,1
34801,22,52,2,1
34320,22,60,2,1
35858,80,790,16,0
27832,22,41,2,1
10743,80,1049,16,0
26301,53,428,16,0
2380,443,60,2,1
61681,80,556,16,0
34861,80,53,2,1
36865,443,874,16,0
33828,443,658,16,0
31141,443,59,2,1
16494,8080,1439,16,0
8541,22,49,2,1
36746,80,59,2,1
20947,8080,944,16,0
11662,53,608,16,0
42024,443,56,2,1
22769,22,43,2,1
44655,53,200,16,0
7155,21,42,2,1
21978,80,46,2,1
43361,53,1201,16,0
20774,8080,1244,16,0
8679,22,55,2,1
19849,443,47,2,1
35008,53,373,16,0
14345,80,753,16,0
41156,21,58,2,1
1739,443,1406,16,0
25549,443,1424,16,0
41972,53,764,16,0
24263,443,42,2,1
13210,80,238,16,0
21829,8080,635,16,0
49863,21,52,2,1
60646,80,1237,16,0
10929,443,59,2,1
4415,80,1485,16,0
65162,21,46,2,1
62441,80,899,16,0
60694,443,41,2,1
24183,8080,615,16,0
37358,80,53,2,1
37508,21,52,2,1
42899,22,52,2,1
43090,21,53,2,1
6964,22,45,2,1
37126,22,42,2,1
54741,443,41,2,1
11423,80,1383,16,0
61290,53,112,16,0
61910,8080,990,16,0
43666,443,1171,16,0
59627,443,40,2,1
20204,80,541,16,0
45190,53,138,16,0
54065,21,48,2,1
10022,22,44,2,1
49790,443,42,2,1
36718,22,52,2,1
55719,80,1047,16,0
55261,22,56,2,1
8899,21,59,2,1
42408,80,780,16,0
40612,443,642,16,0
50937,8080,1446,16,0
53626,22,46,2,1
28871,53,1147,16,0
14094,80,856,16,0
63948,80,1468,16,0
7304,22,60,2,1
44830,80,517,16,0
4061,8080,780,16,0
17304,443,323,16,0
38982,8080,649,16,0
4244,80,1251,16,0
40307,53,809,16,0
39202,21,42,2,1
8695,53,1225,16,0
26463,21,49,2,1
50232,80,374,16,0
43185,22,49,2,1
46656,8080,127,16,0
11124,443,203,16,0
11843,80,1252,16,0
19310,443,784,16,0
24846,80,43,2,1
55423,80,43,2,1
29963,53,1197,16,0
20073,80,54,2,1
49819,8080,1449,16,0
11950,80,52,2,1
48744,443,376,16,0
39596,8080,675,16,0
40431,80,1252,16,0
31129,22,42,2,1
30488,443,40,2,1
27433,80,1199,16,0
27862,80,50,2,1
47397,21,47,2,1
10392,22,40,2,1
53311,21,52,2,1
46293,80,50,2,1
21067,53,1164,16,0
49152,80,567,16,0
42440,22,58,2,1
37934,443,60,2,1
65433,443,450,16,0
36701,80,45,2,1
21373,8080,246,16,0
9815,80,40,2,1
5630,22,42,2,1
4514,53,450,16,0
61829,21,52,2,1
35193,443,267,16,0
3704,21,44,2,1
30812,22,43,2,1
9503,80,41,2,1
58238,443,335,16,0
51544,80,979,16,0
40437,80,57,2,1
50339,8080,794,16,0
59968,8080,1109,16,0
24580,80,60,2,1
52304,80,786,16,0
4529,443,56,2,1
23468,22,60,2,1
17495,21,49,2,1
47332,443,48,2,1
39935,53,803,16,0
20531,22,56,2,1
58050,443,1114,16,0
64765,21,46,2,1
10131,443,350,16,0
47606,22,41,2,1
40294,22,47,2,1
58936,80,413,16,0
21418,8080,1498,16,0
9980,80,48,2,1
48159,21,43,2,1
62080,80,57,2,1
13128,21,43,2,1
27310,8080,715,16,0
39149,22,45,2,1
30569,443,1391,16,0
34608,80,207,16,0
55956,21,55,2,1
39774,443,190,16,0
53175,21,41,2,1
60077,8080,177,16,0
21870,80,298,16,0
24529,21,50,2,1
9818,443,1135,16,0
4062,53,1229,16,0
58479,443,714,16,0
13288,80,1146,16,0
15172,80,1014,16,0
32589,443,579,16,0
3188,80,1476,16,0
20990,80,1160,16,0
12298,443,455,16,0
15836,443,41,2,1
36690,8080,1261,16,0
49301,21,48,2,1
48943,21,55,2,1
1408,8080,455,16,0
8958,8080,1379,16,0
15009,22,50,2,1
51827,53,395,16,0
25821,53,839,16,0
33019,80,1321,16,0
61761,80,45,2,1
24284,8080,1314,16,0
1197,443,1434,16,0
21510,53,566,16,0
10238,8080,410,16,0
62066,80,621,16,0
2471,443,51,2,1
47676,22,52,2,1
35751,22,55,2,1
12449,22,60,2,1
13569,21,59,2,1
4421,8080,1094,16,0
58826,443,363,16,0
47186,53,771,16,0
29642,80,1150,16,0
27022,21,51,2,1
19236,443,420,16,0
14812,21,42,2,1
57985,80,47,2,1
54410,443,1387,16,0
29608,80,51,2,1
26658,53,964,16,0
1165,80,49,2,1
2465,443,54,2,1
16324,21,46,2,1
12784,80,55,2,1
9779,80,53,2,1
19613,80,846,16,0
2723,443,1039,16,0
12307,21,40,2,1
9317,443,699,16,0
29089,21,56,2,1
25028,80,43,2,1
45558,21,47,2,1
48619,21,59,2,1
56362,22,50,2,1
51987,22,40,2,1
22727,22,57,2,1
56572,53,742,16,0
6737,80,1236,16,0
55094,22,51,2,1
27107,80,416,16,0
9575,22,47,2,1
38524,443,159,16,0
34269,53,981,16,0
57350,53,1041,16,0
32539,80,53,2,1
51214,80,1373,16,0
62050,53,1399,16,0
59850,21,43,2,1
62107,8080,791,16,0
63458,8080,746,16,0
3468,53,932,16,0
28186,80,60,2,1
11322,443,40,2,1
25564,53,157,16,0
63610,22,51,2,1
29813,80,59,2,1
50786,53,192,16,0
3835,53,568,16,0
30617,443,570,16,0
55079,8080,198,16,0
3434,21,49,2,1
62586,8080,617,16,0
49703,443,943,16,0
16311,22,45,2,1
58764,8080,442,16,0
15837,80,468,16,0
56650,80,59,2,1
22879,21,54,2,1
35237,22,41,2,1
54261,443,868,16,0
48002,443,56,2,1
50947,80,44,2,1
20583,443,420,16,0
19834,80,43,2,1
7730,53,1280,16,0
44079,21,42,2,1
40210,80,42,2,1
16165,80,57,2,1
13471,53,1199,16,0
14041,80,59,2,1
41665,22,42,2,1
18040,80,59,2,1
32854,21,45,2,1
21050,53,978,16,0
37081,80,46,2,1
19677,80,60,2,1
39784,80,144,16,0
28207,53,1087,16,0
20991,80,863,16,0
58804,53,1003,16,0
42046,443,706,16,0
30496,8080,631,16,0
48188,8080,1495,16,0
40273,443,52,2,1
31639,22,51,2,1
55549,53,1233,16,0
30120,21,44,2,1
24667,443,45,2,1
62282,80,418,16,0
33739,80,48,2,1
30602,443,1284,16,0
61335,443,139,16,0
52734,443,601,16,0
61269,21,51,2,1
49507,8080,213,16,0
34159,80,40,2,1
28564,21,54,2,1
8954,8080,551,16,0
59805,443,774,16,0
16270,53,1238,16,0
8099,53,1071,16,0
48946,53,767,16,0
17097,443,817,16,0
58325,22,53,2,1
3740,443,646,16,0
16501,443,59,2,1
3805,80,40,2,1
7167,53,463,16,0
55399,22,49,2,1
17090,53,335,16,0
28794,53,1427,16,0
30288,80,56,2,1
39427,443,47,2,1
61620,21,47,2,1
48994,22,45,2,1
9680,21,50,2,1
21011,8080,863,16,0
27136,21,59,2,1
33293,22,45,2,1
33648,8080,681,16,0
65136,443,656,16,0
16229,22,59,2,1
26001,53,1164,16,0
32594,21,40,2,1
16879,443,1075,16,0
47455,8080,1315,16,0
38185,80,1078,16,0
36883,22,59,2,1
26616,21,42,2,1
51952,80,49,2,1
59820,22,54,2,1
22177,443,821,16,0
6825,8080,773,16,0
49525,22,41,2,1
14100,443,51,2,1
57236,443,48,2,1
55130,80,188,16,0
53666,21,46,2,1
39773,8080,1339,16,0
36946,53,1435,16,0
30597,22,45,2,1
11975,21,54,2,1
24057,21,47,2,1
35751,443,1264,16,0
11628,443,40,2,1
50003,80,822,16,0
54342,80,439,16,0
48946,21,47,2,1
23172,80,520,16,0
48634,443,47,2,1
53067,443,399,16,0
45313,21,44,2,1
40119,443,1426,16,0
30014,80,262,16,0
1729,80,458,16,0
26621,443,45,2,1
28164,22,42,2,1
35134,21,53,2,1
10932,80,43,2,1
45808,22,46,2,1
13557,80,163,16,0
41013,8080,658,16,0
32241,8080,1158,16,0
44860,80,59,2,1
32313,53,249,16,0
53486,8080,1415,16,0
56153,443,56,2,1
15718,53,161,16,0
6149,53,180,16,0
51347,8080,347,16,0
7755,80,53,2,1
39606,21,52,2,1
18333,53,1330,16,0
17952,22,42,2,1
15482,443,276,16,0
3918,80,554,16,0
35771,8080,646,16,0
20597,443,46,2,1
36388,443,58,2,1
48071,80,233,16,0
25249,80,55,2,1
3813,80,1227,16,0
18102,443,272,16,0
19023,21,56,2,1
54481,53,935,16,0
2215,80,438,16,0
58005,80,57,2,1
23919,21,60,2,1
35440,443,41,2,1
22048,80,1123,16,0
36305,22,55,2,1
46540,53,1348,16,0
29485,8080,830,16,0
21787,53,724,16,0
63829,22,40,2,1
43146,8080,1406,16,0
50288,80,53,2,1
49361,80,55,2,1
59079,21,60,2,1
10733,443,52,2,1
26018,21,42,2,1
31324,21,53,2,1
63885,53,984,16,0
37905,21,57,2,1
58654,443,51,2,1
61172,53,1499,16,0
5718,443,41,2,1
5330,443,53,2,1
26041,443,40,2,1
52298,80,56,2,1
19283,21,47,2,1
5685,21,45,2,1
29372,80,566,16,0
20073,22,60,2,1
59213,22,41,2,1
7020,22,42,2,1
46969,80,962,16,0
56594,22,60,2,1
50186,8080,263,16,0
62918,80,995,16,0
35158,53,1493,16,0
42214,443,767,16,0
3921,80,1439,16,0
33290,443,1193,16,0
31965,80,978,16,0
15408,80,795,16,0
52865,22,43,2,1
35596,443,693,16,0
4541,8080,830,16,0
51274,21,58,2,1
29923,80,40,2,1
24262,22,51,2,1
36092,80,1073,16,0
61607,443,58,2,1
54710,22,57,2,1
49387,80,42,2,1
2588,80,41,2,1
60464,443,40,2,1
10610,53,247,16,0
45102,21,52,2,1
31302,80,920,16,0
28617,80,54,2,1
8859,8080,871,16,0
64083,53,1047,16,0
36250,53,1082,16,0
32848,8080,1458,16,0
45318,53,1015,16,0
46670,80,57,2,1
32718,53,224,16,0
17713,443,235,16,0
49033,22,44,2,1
51081,22,49,2,1
15024,443,115,16,0
59967,443,954,16,0
14125,80,570,16,0
13694,443,51,2,1
17936,80,45,2,1
45302,443,48,2,1
41194,8080,1360,16,0
33594,443,48,2,1
53707,8080,112,16,0
44147,22,47,2,1
60284,443,42,2,1
35667,21,51,2,1
34509,80,1213,16,0
51467,80,47,2,1
34967,8080,1222,16,0
19012,8080,469,16,0
35094,53,1126,16,0
13236,22,58,2,1
16103,443,60,2,1
63135,8080,1443,16,0
58331,22,53,2,1
60059,443,49,2,1
43624,22,49,2,1
41334,53,1377,16,0
14640,80,60,2,1
62692,21,50,2,1
62793,22,42,2,1
14369,80,57,2,1
25475,80,751,16,0
27190,21,58,2,1
11617,53,274,16,0
3329,53,215,16,0
56256,80,452,16,0
41537,80,595,16,0
54920,8080,990,16,0
47812,53,177,16,0
36542,53,825,16,0
30247,21,55,2,1
57825,443,53,2,1
20772,443,766,16,0
36949,443,46,2,1
36310,21,49,2,1
8102,80,112,16,0
55479,22,48,2,1
57496,443,44,2,1
7246,443,55,2,1
42028,53,605,16,0
50500,80,48,2,1
29899,443,51,2,1
12314,443,48,2,1
32463,22,55,2,1
64279,80,59,2,1
14057,80,40,2,1
16745,8080,1039,16,0
17357,22,60,2,1
59818,21,56,2,1
61836,21,60,2,1
4912,80,49,2,1
41424,443,781,16,0
28016,80,57,2,1
1687,22,53,2,1
33879,80,1210,16,0
16014,443,867,16,0
6957,443,51,2,1
46744,53,414,16,0
5683,22,58,2,1
30543,22,52,2,1
47969,53,479,16,0
54647,8080,643,16,0
50178,443,45,2,1
42222,53,229,16,0
60383,443,366,16,0
21355,80,668,16,0
26264,80,60,2,1
38086,443,639,16,0
40892,22,59,2,1
16747,22,44,2,1
61320,80,944,16,0
11701,443,58,2,1
48578,443,47,2,1
52031,80,59,2,1
2567,443,55,2,1
7681,80,866,16,0
63974,22,53,2,1
53195,53,1335,16,0
23234,80,51,2,1
3235,53,773,16,0
48983,21,55,2,1
53192,8080,500,16,0
24522,443,690,16,0
7685,80,59,2,1
63019,443,51,2,1
19225,443,42,2,1
58214,443,774,16,0
61553,80,137,16,0
4976,21,45,2,1
45255,22,46,2,1
60347,443,205,16,0
40234,443,46,2,1
64867,8080,847,16,0
64718,443,427,16,0
62692,8080,1299,16,0
42591,21,50,2,1
63387,443,141,16,0
16727,443,50,2,1
60038,8080,666,16,0
39761,22,48,2,1
6681,53,452,16,0
63103,53,801,16,0
64400,53,551,16,0
46053,53,588,16,0
29231,443,372,16,0
33324,21,45,2,1
45151,80,415,16,0
7512,443,53,2,1
52532,22,46,2,1
16634,22,42,2,1
46445,443,56,2,1
22636,22,50,2,1
28068,80,453,16,0
2362,80,246,16,0
57113,443,42,2,1
16464,53,253,16,0
16802,22,42,2,1
2193,22,50,2,1
51072,8080,115,16,0
18301,80,50,2,1
37346,80,1257,16,0
10433,21,40,2,1
16474,80,46,2,1
46876,80,594,16,0
12634,443,1348,16,0
20142,53,209,16,0
51422,22,40,2,1
63174,80,441,16,0
45137,80,40,2,1
55155,8080,621,16,0
5877,80,381,16,0
21038,443,57,2,1
61451,21,44,2,1
3556,53,523,16,0
51110,21,45,2,1
36505,21,56,2,1
9377,8080,1240,16,0
64527,21,55,2,1
61916,53,394,16,0
24221,53,1499,16,0
25308,22,42,2,1
63397,22,44,2,1
18174,80,751,16,0
3262,53,1125,16,0
30958,21,49,2,1
2695,443,54,2,1
16042,80,60,2,1
56829,21,41,2,1
25396,443,664,16,0
7136,8080,377,16,0
12242,53,498,16,0
65352,80,846,16,0
29655,21,40,2,1
25757,443,947,16,0
56469,22,58,2,1
5994,443,57,2,1
24213,21,59,2,1
19670,443,54,2,1
42136,80,51,2,1
59525,22,58,2,1
39077,22,52,2,1
46641,8080,1145,16,0
49130,443,53,2,1
45347,80,367,16,0
36048,21,40,2,1
23303,22,49,2,1
32986,80,54,2,1
17941,80,48,2,1
26806,443,57,2,1
51732,21,54,2,1
24415,80,167,16,0
46701,443,642,16,0
34768,80,60,2,1
56121,53,917,16,0
55001,53,1175,16,0
59810,21,47,2,1
20971,8080,282,16,0
13311,80,59,2,1
56392,53,479,16,0
64396,443,43,2,1
52066,21,41,2,1
52298,80,1095,16,0
18808,22,58,2,1
11212,443,1007,16,0
54891,80,250,16,0
19094,21,41,2,1
59382,80,56,2,1
19097,53,399,16,0
52479,80,1069,16,0
40233,21,48,2,1
15059,53,152,16,0
21629,22,47,2,1
34568,443,47,2,1
50493,53,761,16,0
33608,53,1150,16,0
40065,8080,1451,16,0
5097,443,581,16,0
52553,21,45,2,1
32297,80,44,2,1
48170,21,45,2,1
37834,443,555,16,0
31484,21,50,2,1
19857,443,1350,16,0
20869,80,49,2,1
62705,22,45,2,1
36997,80,355,16,0
55872,443,444,16,0
32258,443,1169,16,0
29079,8080,155,16,0
24986,80,783,16,0
25902,80,44,2,1
59511,443,260,16,0
42000,53,156,16,0
62814,8080,1229,16,0
38097,80,57,2,1
64573,443,40,2,1
42573,443,42,2,1
24609,8080,703,16,0
25982,80,46,2,1
23320,22,49,2,1
65142,80,293,16,0
39670,53,1445,16,0
58818,443,205,16,0
29301,53,619,16,0
13026,80,1118,16,0
30549,22,47,2,1
38500,53,1308,16,0
29140,443,50,2,1
38958,21,49,2,1
40528,80,56,2,1
18261,443,44,2,1
42378,443,1058,16,0
65099,80,57,2,1
39045,80,49,2,1
63115,22,40,2,1
62075,53,217,16,0
28510,80,40,2,1
28443,443,60,2,1
3548,21,54,2,1
13996,80,674,16,0
61466,80,1349,16,0
8256,53,110,16,0
56026,80,1113,16,0
25640,21,41,2,1
47376,443,640,16,0
54248,8080,144,16,0
45463,53,1378,16,0
13630,22,42,2,1
55648,53,989,16,0
5332,53,1070,16,0
10118,21,56,2,1
3857,443,1330,16,0
20937,443,978,16,0
35735,80,861,16,0
44844,53,1138,16,0
5908,443,1372,16,0
54181,21,46,2,1
23980,8080,597,16,0
40919,80,1204,16,0
54251,8080,971,16,0
16138,80,45,2,1
60344,8080,209,16,0
51607,80,734,16,0
35938,53,859,16,0
33028,8080,385,16,0
9190,80,900,16,0
12982,80,48,2,1
61462,8080,957,16,0
63124,443,44,2,1
46632,443,979,16,0
64459,443,41,2,1
44567,53,641,16,0
12402,53,356,16,0
64654,22,52,2,1
28951,22,46,2,1
52591,21,42,2,1
60907,22,55,2,1
39076,53,285,16,0
51811,53,352,16,0
63986,53,1040,16,0
33567,22,57,2,1
2498,8080,493,16,0
50134,80,47,2,1
16945,80,1474,16,0
63327,443,816,16,0
37012,80,1217,16,0
19276,443,980,16,0
34307,8080,128,16,0
41141,80,185,16,0
17856,8080,557,16,0
61004,80,42,2,1
35858,22,45,2,1
11751,8080,208,16,0
61613,8080,144,16,0
56831,53,300,16,0
65153,443,53,2,1
48023,22,51,2,1
43860,80,58,2,1
21469,443,122,16,0
53960,443,354,16,0
2689,443,47,2,1
27461,80,45,2,1
45461,22,51,2,1
34268,80,55,2,1
65040,80,811,16,0
36820,443,495,16,0
38618,80,441,16,0
41645,21,55,2,1
18206,443,43,2,1
58924,8080,750,16,0
25029,80,923,16,0
62869,443,43,2,1
25740,443,43,2,1
26445,80,45,2,1
37139,21,45,2,1
2777,8080,1440,16,0
56112,53,1205,16,0
60140,22,59,2,1
34709,443,136,16,0
52435,443,56,2,1
63959,80,183,16,0
62130,22,58,2,1
14030,80,670,16,0
11208,443,57,2,1
10206,443,1324,16,0
65100,443,604,16,0
42058,443,1010,16,0
52365,443,59,2,1
58527,443,1307,16,0
34510,80,57,2,1
22130,443,1158,16,0
19267,443,52,2,1
36702,80,363,16,0
38200,443,59,2,1
7077,443,56,2,1
19289,80,322,16,0
37771,443,46,2,1
2575,22,58,2,1
57306,443,40,2,1
10114,80,41,2,1
62460,80,56,2,1
26798,21,54,2,1
53409,443,309,16,0
11601,443,51,2,1
2187,443,54,2,1
22877,22,53,2,1
36802,443,1345,16,0
35208,80,103,16,0
8278,21,57,2,1
50142,443,1422,16,0
35379,80,421,16,0
22328,53,507,16,0
26608,21,53,2,1
20834,22,55,2,1
10218,53,340,16,0
32360,443,315,16,0
45548,53,837,16,0
33481,80,40,2,1
50736,443,786,16,0
63179,53,906,16,0
22101,22,47,2,1
49691,22,46,2,1
29363,80,45,2,1
30469,80,44,2,1
15558,443,179,16,0
15358,53,818,16,0
37586,21,40,2,1
45279,443,1277,16,0
58081,80,49,2,1
50466,53,1367,16,0
42344,21,51,2,1
6836,80,566,16,0
44841,443,45,2,1
21640,80,1176,16,0
42265,443,542,16,0
6002,443,926,16,0
44111,443,57,2,1
32701,80,60,2,1
3503,80,57,2,1
41646,21,55,2,1
2167,80,40,2,1
48005,53,1281,16,0
64652,80,58,2,1
49093,443,350,16,0
54993,8080,865,16,0
29094,21,44,2,1
25589,53,630,16,0
62255,80,52,2,1
58269,8080,346,16,0
26603,80,696,16,0
39196,21,41,2,1
55743,53,438,16,0
31330,443,279,16,0
40749,80,156,16,0
38834,443,1213,16,0
22116,21,42,2,1
47974,80,52,2,1
55286,443,276,16,0
3297,53,1410,16,0
28152,21,44,2,1
26528,443,567,16,0
52041,80,1495,16,0
29400,443,53,2,1
39782,21,42,2,1
18047,80,60,2,1
36967,80,54,2,1
48250,443,46,2,1
59795,443,427,16,0
7838,443,1223,16,0
21168,53,878,16,0
6862,8080,1178,16,0
1025,80,46,2,1
4974,80,1336,16,0
37813,443,522,16,0
6915,22,60,2,1
22963,443,60,2,1
55039,8080,1442,16,0
44357,22,54,2,1
38264,443,52,2,1
25949,443,193,16,0
7753,22,54,2,1
35075,22,54,2,1
43404,80,1408,16,0
57590,80,837,16,0
59112,21,41,2,1
59980,443,661,16,0
13875,80,47,2,1
23217,80,43,2,1
22806,8080,1071,16,0
58298,80,40,2,1
56966,21,48,2,1
14901,443,742,16,0
53740,53,1110,16,0
49212,53,788,16,0
56986,21,44,2,1
30395,21,51,2,1
19782,443,50,2,1
5984,21,44,2,1
2914,443,46,2,1
34080,53,1246,16,0
64118,21,56,2,1
26657,443,44,2,1
40226,80,568,16,0
12710,8080,523,16,0
65228,443,1288,16,0
56761,443,1383,16,0
46284,22,47,2,1
58292,53,1302,16,0
52002,443,578,16,0
32806,53,896,16,0
4656,80,1396,16,0
7137,80,56,2,1
42394,8080,1283,16,0
8286,22,45,2,1
41311,80,1273,16,0
7165,80,49,2,1
2387,21,50,2,1
9703,443,669,16,0
42745,21,56,2,1
3583,80,43,2,1
40177,22,50,2,1
50835,443,335,16,0
10920,53,795,16,0
54041,80,912,16,0
56224,80,50,2,1
26126,443,55,2,1
26627,80,1387,16,0
52411,53,938,16,0
38776,21,50,2,1
18847,443,474,16,0
3371,80,629,16,0
54825,80,40,2,1
11972,21,51,2,1
35894,443,125,16,0
1439,21,42,2,1
1309,80,47,2,1
42127,8080,646,16,0
41543,8080,1470,16,0
50183,443,863,16,0
48723,80,58,2,1
32358,53,764,16,0
42780,8080,1112,16,0
39262,21,46,2,1
45782,80,395,16,0
34177,80,55,2,1
7283,443,561,16,0
3311,443,1155,16,0
14486,22,49,2,1
22614,22,47,2,1
3617,8080,1115,16,0
12228,80,1456,16,0
35316,80,55,2,1
52094,80,54,2,1
54433,53,708,16,0
51659,53,860,16,0
40202,443,551,16,0
23073,80,416,16,0
2631,22,44,2,1
7868,443,1186,16,0
2700,443,1109,16,0
11372,8080,1003,16,0
7287,22,45,2,1
21841,53,273,16,0
9427,80,1220,16,0
4073,443,1220,16,0
25775,80,48,2,1
63101,53,886,16,0
17644,80,1112,16,0
37508,8080,1284,16,0
62939,21,43,2,1
59617,443,60,2,1
29068,443,155,16,0
20288,80,48,2,1
24266,53,923,16,0
55669,22,54,2,1
46179,443,133,16,0
49589,8080,1241,16,0
6391,8080,928,16,0
55170,22,60,2,1
53589,80,292,16,0
26467,8080,1303,16,0
29716,8080,1286,16,0
33924,53,298,16,0
61252,53,711,16,0
38250,80,945,16,0
7473,22,59,2,1
34833,8080,588,16,0
56033,8080,483,16,0
24503,80,43,2,1
49038,80,292,16,0
19291,443,328,16,0
44776,53,838,16,0
8367,443,654,16,0
10495,80,48,2,1
42374,80,52,2,1
34021,8080,1371,16,0
20782,443,41,2,1
7510,8080,1239,16,0
4623,8080,1369,16,0
58509,8080,1156,16,0
13013,443,46,2,1
35547,8080,563,16,0
2388,21,50,2,1
53794,80,50,2,1
28136,22,54,2,1
62894,8080,1390,16,0
54399,443,60,2,1
13433,80,509,16,0
14854,21,50,2,1
44089,80,994,16,0
57505,8080,259,16,0
31790,21,59,2,1
2493,21,44,2,1
55253,8080,916,16,0
17014,22,52,2,1
5086,443,1013,16,0
31252,21,50,2,1
44733,53,997,16,0
40337,21,59,2,1
18301,53,195,16,0
28482,443,46,2,1
30113,443,1172,16,0
26414,443,588,16,0
59537,21,57,2,1
61514,22,45,2,1
57095,21,44,2,1
22234,443,1035,16,0
19406,8080,664,16,0
58606,443,236,16,0
49304,443,60,2,1
62064,80,732,16,0
56988,21,46,2,1
34985,80,249,16,0
19568,8080,1322,16,0
39326,8080,1457,16,0
47093,443,1366,16,0
9717,80,44,2,1
33796,443,480,16,0
27281,21,45,2,1
30230,443,46,2,1
1636,8080,1175,16,0
60828,443,890,16,0
56382,53,1225,16,0
61689,443,173,16,0
11731,80,41,2,1
43429,53,296,16,0
9003,8080,813,16,0
19367,443,53,2,1
25114,8080,1132,16,0
16113,8080,866,16,0
61285,8080,227,16,0
9511,21,51,2,1
13756,80,49,2,1
14518,8080,1464,16,0
12708,443,1028,16,0
46316,8080,382,16,0
11484,53,611,16,0
9099,21,51,2,1
51060,22,47,2,1
1529,443,41,2,1
54453,443,49,2,1
1586,53,284,16,0
12113,443,58,2,1
20570,443,51,2,1
24750,53,769,16,0
35205,8080,740,16,0
21163,443,1204,16,0
20619,22,40,2,1
31716,21,44,2,1
34888,21,56,2,1
13897,443,1053,16,0
33862,443,448,16,0
12829,8080,885,16,0
34547,80,707,16,0
3902,443,1424,16,0
47130,443,60,2,1
61951,53,239,16,0
16319,443,41,2,1
37980,22,40,2,1
57318,443,958,16,0
53149,21,52,2,1
20567,21,56,2,1
20618,8080,739,16,0
51845,8080,836,16,0
29918,80,529,16,0
57339,443,42,2,1
28360,443,1160,16,0
17425,22,48,2,1
60321,443,42,2,1
19431,443,737,16,0
44293,443,157,16,0
50846,443,59,2,1
49248,80,47,2,1
36241,21,42,2,1
4443,443,46,2,1
20552,21,57,2,1
46526,22,45,2,1
3157,22,50,2,1
53969,80,1491,16,0
43903,443,57,2,1
23719,80,41,2,1
14779,53,1206,16,0
18856,21,46,2,1
63991,80,812,16,0
2841,22,48,2,1
59181,53,274,16,0
58969,80,1148,16,0
47569,8080,269,16,0
48866,53,772,16,0
27180,443,55,2,1
1876,80,43,2,1
6910,53,782,16,0
44567,80,48,2,1
5301,80,200,16,0
47758,22,48,2,1
41344,22,44,2,1
29076,80,45,2,1
59425,22,51,2,1
7166,80,54,2,1
18988,80,57,2,1
43354,443,593,16,0
56510,443,1339,16,0
51018,53,1218,16,0
25881,8080,1123,16,0
49160,21,60,2,1
58925,443,40,2,1
25102,443,54,2,1
36450,8080,1049,16,0
47599,53,796,16,0
13427,8080,830,16,0
19060,443,40,2,1
2615,22,40,2,1
55955,22,57,2,1
17045,80,45,2,1
15734,53,1053,16,0
25072,21,41,2,1
7217,21,49,2,1
18555,80,55,2,1
33662,53,1014,16,0
15395,53,575,16,0
34804,443,1360,16,0
18816,80,49,2,1
18590,80,52,2,1
30785,443,1019,16,0
55081,443,52,2,1
26271,443,169,16,0
52546,8080,1112,16,0
23653,53,1338,16,0
24869,80,900,16,0
43743,8080,814,16,0
26740,53,1198,16,0
26982,443,49,2,1
62844,443,47,2,1
52425,22,50,2,1
64157,80,715,16,0
49570,22,48,2,1
63485,8080,412,16,0
53351,8080,778,16,0
54314,53,233,16,0
9680,22,56,2,1
30470,21,43,2,1
39321,8080,629,16,0
3559,443,43,2,1
14244,443,122,16,0
54318,8080,368,16,0
4881,443,51,2,1
56193,443,1269,16,0
41598,21,59,2,1
61882,53,1220,16,0
33931,22,42,2,1
57517,22,45,2,1
6366,443,1267,16,0
25118,53,1118,16,0
12265,8080,233,16,0
51756,21,41,2,1
15149,443,588,16,0
64282,21,41,2,1
9613,53,109,16,0
38355,443,1412,16,0
12071,443,55,2,1
54939,53,239,16,0
3001,443,875,16,0
29376,21,40,2,1
13630,22,56,2,1
59532,8080,400,16,0
28303,8080,1056,16,0
30826,80,347,16,0
2402,443,891,16,0
11036,443,60,2,1
35000,80,49,2,1
32155,53,244,16,0
20925,443,48,2,1
15559,80,49,2,1
4345,22,58,2,1
43719,443,803,16,0
18588,21,48,2,1
27620,53,265,16,0
34427,443,350,16,0
53082,80,392,16,0
15621,21,45,2,1
1234,443,1014,16,0
29910,80,57,2,1
41633,8080,1318,16,0
36222,80,1166,16,0
47797,80,531,16,0
34197,53,278,16,0
7083,21,55,2,1
18409,22,50,2,1
64570,443,1303,16,0
18896,53,100,16,0
65220,443,40,2,1
44763,443,1323,16,0
33368,443,572,16,0
54409,8080,754,16,0
53749,22,47,2,1
30891,22,40,2,1
51960,443,59,2,1
58352,21,49,2,1
22934,53,726,16,0
22465,8080,763,16,0
42591,443,40,2,1
11212,21,58,2,1
46981,21,60,2,1
45565,80,40,2,1
15751,443,52,2,1
45892,80,48,2,1
23351,8080,483,16,0
29468,443,1484,16,0
17593,53,843,16,0
36809,80,54,2,1
25455,8080,104,16,0
51849,443,47,2,1
60805,80,705,16,0
30905,80,52,2,1
16387,443,1498,16,0
14001,443,1434,16,0
34139,80,60,2,1
28633,443,633,16,0
20892,80,56,2,1
17747,22,45,2,1
6796,8080,1293,16,0
2373,443,481,16,0
37750,22,58,2,1
39199,80,386,16,0
21171,21,48,2,1
57125,8080,410,16,0
15288,443,673,16,0
60455,8080,1204,16,0
6910,53,687,16,0
37199,8080,267,16,0
35189,53,1489,16,0
1932,53,943,16,0
15798,21,49,2,1
53131,21,59,2,1
25259,80,479,16,0
30990,80,256,16,0
50864,443,55,2,1
53216,443,315,16,0
42436,80,976,16,0
37667,443,44,2,1
36705,443,50,2,1
51113,53,1377,16,0
55942,443,379,16,0
64325,443,432,16,0
45649,53,987,16,0
15516,21,47,2,1
61901,80,320,16,0
41134,21,41,2,1
33012,22,56,2,1
23413,443,50,2,1
5611,21,56,2,1
37259,21,52,2,1
54437,80,671,16,0
30964,443,1218,16,0
29563,53,1269,16,0
34169,80,265,16,0
14262,80,696,16,0
32717,443,57,2,1
18694,80,726,16,0
25077,8080,1322,16,0
24431,8080,528,16,0
23175,80,60,2,1
23019,80,51,2,1
61418,443,634,16,0
55743,8080,640,16,0
35414,53,1156,16,0
6493,21,41,2,1
42520,443,51,2,1
21384,443,40,2,1
12620,80,46,2,1
25933,443,45,2,1
3459,80,52,2,1
63172,22,43,2,1
17245,443,60,2,1
57406,443,43,2,1
8068,443,48,2,1
61076,443,258,16,0
53807,443,905,16,0
33979,53,569,16,0
12905,443,1070,16,0
48269,22,46,2,1
61401,80,54,2,1
36273,22,59,2,1
13859,80,570,16,0
12472,21,41,2,1
8960,53,591,16,0
38181,8080,1014,16,0
34274,80,46,2,1
43175,53,729,16,0
16174,21,50,2,1
1729,443,1116,16,0
48697,22,40,2,1
56896,21,50,2,1
21892,443,43,2,1
4751,53,483,16,0
61415,80,46,2,1
15123,443,338,16,0
38951,443,56,2,1
30965,8080,677,16,0
40708,80,58,2,1
24621,21,45,2,1
31186,443,44,2,1
4120,443,54,2,1
23802,443,1105,16,0
43854,80,866,16,0
16238,80,49,2,1
10269,443,355,16,0
43754,443,1381,16,0
18373,80,354,16,0
18751,53,213,16,0
4578,80,413,16,0
59295,8080,442,16,0
46429,8080,1037,16,0
4902,53,1324,16,0
30249,80,649,16,0
26073,443,55,2,1
32230,443,52,2,1
27823,443,49,2,1
42559,80,50,2,1
55235,8080,311,16,0
38713,443,1322,16,0
22172,21,46,2,1
9744,80,43,2,1
6695,80,1076,16,0
51549,443,585,16,0
49843,443,53,2,1
6414,443,174,16,0
59562,21,53,2,1
56901,80,1074,16,0
20029,53,1218,16,0
16188,443,366,16,0
1668,443,60,2,1
27704,21,58,2,1
16864,8080,244,16,0
62673,21,41,2,1
7695,80,59,2,1
32448,22,46,2,1
53407,80,45,2,1
6942,443,59,2,1
61808,80,932,16,0
21238,22,49,2,1
25884,80,46,2,1
11805,80,902,16,0
24184,53,514,16,0
2243,8080,554,16,0
26690,443,56,2,1
1683,22,46,2,1
41683,443,839,16,0
16076,80,45,2,1
5371,21,42,2,1
11236,80,522,16,0
43945,443,317,16,0
15110,22,46,2,1
1172,443,45,2,1
52269,22,60,2,1
55824,80,237,16,0
65105,8080,1213,16,0
31911,53,293,16,0
35276,443,317,16,0
8647,80,44,2,1
57411,21,52,2,1
3028,80,55,2,1
57217,8080,457,16,0
9260,21,41,2,1
54944,443,697,16,0
1141,53,1330,16,0
6810,443,50,2,1
16182,80,53,2,1
64558,8080,1284,16,0
63982,8080,474,16,0
7280,443,540,16,0
7575,80,1241,16,0
23782,80,122,16,0
34148,8080,497,16,0
31690,443,200,16,0
55780,53,1377,16,0
9540,53,1129,16,0
38721,443,42,2,1
15157,53,714,16,0
23861,80,165,16,0
2574,21,60,2,1
49890,80,1084,16,0
41393,443,57,2,1
38174,443,43,2,1
51273,80,50,2,1
50231,22,59,2,1
17387,443,49,2,1
1178,21,58,2,1
53813,8080,777,16,0
19984,53,1311,16,0
28831,443,57,2,1
28570,22,59,2,1
18169,80,607,16,0
13845,443,430,16,0
15676,80,52,2,1
14642,80,53,2,1
37836,22,59,2,1
50469,21,57,2,1
28868,53,1357,16,0
50447,443,997,16,0
7358,80,57,2,1
25430,443,1435,16,0
42167,443,1343,16,0
52633,443,60,2,1
44734,8080,1209,16,0
48354,443,41,2,1
48008,8080,250,16,0
8215,80,55,2,1
40264,443,1431,16,0
16259,53,1410,16,0
59314,443,49,2,1
34197,443,980,16,0
40782,443,1459,16,0
11079,22,43,2,1
56329,21,56,2,1
2916,22,53,2,1
30870,8080,176,16,0
64448,22,42,2,1
6613,80,48,2,1
8536,443,49,2,1
11091,443,1407,16,0
6374,53,549,16,0
4162,443,42,2,1
52969,21,56,2,1
31535,22,40,2,1
12618,80,1426,16,0
52929,21,42,2,1
39419,22,54,2,1
11409,80,860,16,0
47328,80,47,2,1
13884,443,111,16,0
19102,80,301,16,0
54194,443,392,16,0
11086,80,47,2,1
8959,80,57,2,1
3932,80,54,2,1
5122,443,716,16,0
45394,53,150,16,0
23036,443,394,16,0
58591,443,973,16,0
53241,80,105,16,0
15394,80,960,16,0
32249,80,53,2,1
19172,80,1277,16,0
64483,80,50,2,1
24015,53,496,16,0
11439,443,50,2,1
38915,21,40,2,1
15372,443,786,16,0
51415,21,46,2,1
31919,21,50,2,1
22572,80,44,2,1
22057,80,945,16,0
37303,21,50,2,1
35343,8080,196,16,0
13867,53,742,16,0
39798,443,59,2,1
8044,443,578,16,0
52382,80,1366,16,0
52525,22,42,2,1
15911,53,641,16,0
52216,443,60,2,1
42152,443,45,2,1
64809,443,1027,16,0
57569,80,1015,16,0
63903,443,339,16,0
16463,80,59,2,1
52575,8080,835,16,0
57563,21,48,2,1
28583,8080,1238,16,0
43429,21,58,2,1
33856,80,41,2,1
51587,80,55,2,1
18237,21,60,2,1
31418,443,438,16,0
20790,53,833,16,0
1899,53,370,16,0
29950,443,1030,16,0
25301,22,59,2,1
28091,22,44,2,1
63889,80,44,2,1
64059,80,56,2,1
18604,443,45,2,1
27282,21,44,2,1
44061,22,44,2,1
61800,21,45,2,1
28148,443,796,16,0
50052,22,60,2,1
34429,80,799,16,0
35533,443,164,16,0
40608,80,50,2,1
58830,53,1476,16,0
46285,22,43,2,1
63537,443,453,16,0
42157,21,57,2,1
1856,443,632,16,0
63289,53,280,16,0
45092,22,57,2,1
8810,443,1057,16,0
45827,80,914,16,0
56622,8080,747,16,0
62742,53,1256,16,0
29064,443,1165,16,0
19815,53,240,16,0
54820,80,406,16,0
54869,443,48,2,1
34422,443,45,2,1
14441,8080,1053,16,0
12108,443,145,16,0
40862,443,40,2,1
47642,53,260,16,0
14947,21,49,2,1
28822,80,44,2,1
55338,22,49,2,1
7748,21,54,2,1
1666,53,902,16,0
64249,443,40,2,1
15459,80,1235,16,0
42744,80,45,2,1
51081,8080,168,16,0
23395,53,779,16,0
4285,80,51,2,1
38339,53,448,16,0
56810,8080,626,16,0
42919,8080,383,16,0
7591,8080,401,16,0
31001,443,138,16,0
54363,443,54,2,1
46175,8080,1318,16,0
51538,53,152,16,0
36101,53,621,16,0
44851,80,41,2,1
41234,80,49,2,1
9564,21,48,2,1
38343,21,52,2,1
64485,80,46,2,1
17332,443,787,16,0
13593,22,45,2,1
25474,53,996,16,0
10893,8080,686,16,0
30660,53,388,16,0
24824,80,40,2,1
35870,8080,1410,16,0
63449,443,52,2,1
19276,80,375,16,0
12941,21,50,2,1
25294,21,48,2,1
14237,80,958,16,0
61333,53,1398,16,0
54354,443,47,2,1
42967,443,46,2,1
8675,22,54,2,1
54837,21,53,2,1
24139,53,774,16,0
29163,53,427,16,0
46082,80,1100,16,0
53891,80,853,16,0
40524,80,1315,16,0
32613,80,41,2,1
51741,8080,1088,16,0
19229,8080,447,16,0
31003,53,921,16,0
56727,443,47,2,1
46477,22,48,2,1
5251,21,60,2,1
17489,8080,1390,16,0
32629,80,56,2,1
2532,80,906,16,0
58318,443,1112,16,0
34049,21,42,2,1
28532,53,1443,16,0
60968,443,40,2,1
4047,443,40,2,1
62858,443,1399,16,0
31604,443,387,16,0
58223,21,50,2,1
30907,443,969,16,0
40037,53,189,16,0
35697,80,40,2,1
55241,8080,916,16,0
12307,22,45,2,1
35328,80,47,2,1
48111,22,54,2,1
20908,22,44,2,1
21394,443,417,16,0
57546,80,998,16,0
64147,8080,175,16,0
47261,80,48,2,1
26004,443,231,16,0
50593,443,43,2,1
43557,80,49,2,1
32146,22,45,2,1
26430,22,40,2,1
49424,22,54,2,1
36753,80,57,2,1
34067,21,52,2,1
21314,80,47,2,1
64204,80,1480,16,0
1296,443,167,16,0
57524,443,47,2,1
56265,53,657,16,0
48410,443,481,16,0
12118,21,50,2,1
16787,21,50,2,1
24369,22,42,2,1
57222,53,814,16,0
60168,8080,1456,16,0
2169,443,55,2,1
34198,53,594,16,0
63217,22,45,2,1
8290,443,43,2,1
63384,80,49,2,1
41273,21,44,2,1
62257,22,41,2,1
60751,80,42,2,1
2787,8080,721,16,0
26296,80,55,2,1
27875,8080,1416,16,0
5272,21,50,2,1
14213,80,57,2,1
39714,21,58,2,1
17375,21,53,2,1
35137,22,43,2,1
40864,22,44,2,1
33315,8080,1032,16,0
14179,80,159,16,0
54984,80,1301,16,0
20050,443,51,2,1
33593,443,58,2,1
20884,22,41,2,1
41806,21,43,2,1
18610,443,48,2,1
18995,21,59,2,1
31335,80,159,16,0
62053,22,47,2,1
56380,53,523,16,0
1799,53,429,16,0
26363,8080,128,16,0
34612,8080,1382,16,0
24679,80,479,16,0
14919,8080,535,16,0
46616,443,56,2,1
9661,80,573,16,0
29111,21,44,2,1
38748,21,60,2,1
38210,21,51,2,1
35260,80,48,2,1
47606,8080,174,16,0
1921,443,196,16,0
54727,8080,807,16,0
62457,8080,635,16,0
10708,443,1183,16,0
2329,53,1430,16,0
15420,80,48,2,1
49812,443,527,16,0
59600,80,41,2,1
20755,8080,1066,16,0
6533,80,1388,16,0
32958,53,1246,16,0
51502,80,51,2,1
39211,8080,893,16,0
21914,21,45,2,1
10482,443,50,2,1
51525,80,1191,16,0
6250,80,42,2,1
7810,80,342,16,0
8790,80,1114,16,0
16401,443,566,16,0
11003,443,568,16,0
18100,443,48,2,1
27484,80,53,2,1
20131,443,46,2,1
39669,8080,296,16,0
52828,53,506,16,0
57718,22,42,2,1
33274,53,356,16,0
3794,22,46,2,1
37611,53,1350,16,0
21234,22,41,2,1
59092,443,1241,16,0
14230,443,46,2,1
27165,21,55,2,1
5876,22,45,2,1
24240,22,43,2,1
7736,21,57,2,1
20958,21,49,2,1
58970,8080,116,16,0
24208,443,1410,16,0
29385,53,839,16,0
25356,21,56,2,1
55871,443,57,2,1
10890,443,615,16,0
24380,443,1146,16,0
63726,80,56,2,1
47870,80,754,16,0
47941,443,52,2,1
18909,8080,406,16,0
2753,21,60,2,1
8981,80,59,2,1
51070,8080,106,16,0
39974,80,101,16,0
16292,80,244,16,0
43561,22,42,2,1
13792,443,44,2,1
39702,22,58,2,1
40472,53,564,16,0
41060,22,56,2,1
45653,80,555,16,0
55867,8080,747,16,0
53987,22,53,2,1
34514,21,41,2,1
24357,443,57,2,1
47642,80,54,2,1
25173,443,1417,16,0
12893,22,45,2,1
3486,80,279,16,0
12610,443,47,2,1
40413,80,47,2,1
64830,22,55,2,1
41425,21,42,2,1
32960,80,679,16,0
5127,53,635,16,0
27386,53,113,16,0
52207,443,51,2,1
3255,53,472,16,0
37112,443,1223,16,0
27384,53,818,16,0
37287,80,54,2,1
6586,80,517,16,0
21029,443,40,2,1
63524,443,891,16,0
12026,21,45,2,1
49076,443,692,16,0
47124,80,56,2,1
49247,21,46,2,1
54886,80,910,16,0
61571,21,54,2,1
44838,8080,1182,16,0
28238,80,50,2,1
14993,22,43,2,1
43488,21,55,2,1
47887,22,52,2,1
21447,443,60,2,1
49134,80,956,16,0
19022,53,108,16,0
53304,8080,791,16,0
54122,21,41,2,1
30676,21,49,2,1
59734,53,835,16,0
7407,443,995,16,0
41862,80,50,2,1
65463,53,239,16,0
9785,443,57,2,1
30947,21,53,2,1
6306,8080,593,16,0
43838,443,290,16,0
49996,443,140,16,0
3895,22,58,2,1
60594,443,43,2,1
39362,8080,1220,16,0
38304,443,41,2,1
50199,53,678,16,0
8584,53,237,16,0
59633,80,774,16,0
27086,443,1239,16,0
37363,53,186,16,0
20328,21,40,2,1
38559,21,58,2,1
38093,80,452,16,0
5796,53,1359,16,0
19403,53,416,16,0
59119,80,278,16,0
62138,53,1275,16,0
61178,8080,893,16,0
43917,80,54,2,1
45137,22,55,2,1
55532,80,57,2,1
41456,80,567,16,0
63703,22,53,2,1
48888,8080,172,16,0
31018,80,335,16,0
26141,53,676,16,0
46406,21,50,2,1
57354,53,694,16,0
41602,53,985,16,0
38040,21,40,2,1
1249,8080,804,16,0
27276,21,55,2,1
20672,443,41,2,1
58142,8080,930,16,0
32717,443,55,2,1
11060,22,52,2,1
2967,22,42,2,1
2548,22,46,2,1
35443,443,312,16,0
17111,443,53,2,1
19327,22,55,2,1
32832,80,49,2,1
51080,443,40,2,1
28553,8080,1110,16,0
28076,21,47,2,1
11200,443,949,16,0
16157,8080,510,16,0
2492,443,48,2,1
50762,443,254,16,0
42609,53,648,16,0
60534,21,43,2,1
2814,80,431,16,0
51327,53,499,16,0
27639,53,740,16,0
47834,53,700,16,0
61179,8080,272,16,0
29859,53,1120,16,0
9465,80,595,16,0
61123,22,49,2,1
18251,80,1264,16,0
53904,21,56,2,1
57122,80,117,16,0
23551,443,569,16,0
51049,443,42,2,1
55802,80,1291,16,0
44803,21,42,2,1
63713,443,53,2,1
25983,21,44,2,1
42224,22,50,2,1
3454,80,403,16,0
57975,8080,469,16,0
41503,8080,623,16,0
10259,53,604,16,0
33287,8080,386,16,0
43735,53,1220,16,0
2545,80,60,2,1
29293,53,1211,16,0
37325,8080,143,16,0
32375,80,133,16,0
4320,22,45,2,1
52130,21,49,2,1
38336,22,53,2,1
21700,80,491,16,0
49094,80,1166,16,0
42095,53,176,16,0
23224,53,1450,16,0
2507,21,48,2,1
60009,22,54,2,1
14727,443,52,2,1
17115,80,169,16,0
51896,443,44,2,1
12505,21,54,2,1
15280,22,58,2,1
3086,80,41,2,1
31320,80,52,2,1
55777,443,1065,16,0
36349,80,695,16,0
42875,80,51,2,1
57947,21,49,2,1
16640,443,55,2,1
30866,80,43,2,1
61796,8080,174,16,0
11533,80,669,16,0
2790,443,46,2,1
4146,53,575,16,0
8101,53,1060,16,0
24343,443,207,16,0
23140,53,647,16,0
48341,8080,1099,16,0
28362,80,51,2,1
5390,443,1043,16,0
50742,80,44,2,1
35217,53,840,16,0
33276,443,527,16,0
49046,80,40,2,1
25983,443,187,16,0
20634,443,45,2,1
27151,80,51,2,1
45094,53,560,16,0
23536,443,49,2,1
19925,80,366,16,0
40362,443,199,16,0
47157,80,42,2,1
16133,53,1225,16,0
44182,22,41,2,1
5999,443,54,2,1
35549,80,54,2,1
14508,21,48,2,1
44611,22,60,2,1
19507,80,542,16,0
27624,53,342,16,0
4067,80,57,2,1
55352,8080,1127,16,0
37339,8080,453,16,0
37222,80,40,2,1
25124,80,53,2,1
64947,53,780,16,0
47948,8080,1399,16,0
57722,443,1499,16,0
53976,80,432,16,0
38318,443,51,2,1
25917,80,54,2,1
59424,53,138,16,0
20461,80,52,2,1
37143,22,49,2,1
18909,80,45,2,1
27309,443,165,16,0
42616,8080,1079,16,0
18150,80,43,2,1
52367,22,60,2,1
36741,8080,1367,16,0
61328,443,1054,16,0
48444,80,51,2,1
31276,443,51,2,1
36651,8080,932,16,0
38124,80,47,2,1
59907,443,1023,16,0
57168,21,48,2,1
42396,80,41,2,1
64808,80,42,2,1
50146,80,45,2,1
25864,21,50,2,1
7011,8080,156,16,0
11460,80,42,2,1
58805,443,42,2,1
23031,443,49,2,1
49490,443,60,2,1
18031,443,56,2,1
24848,443,175,16,0
23048,21,56,2,1
1142,22,41,2,1
49662,21,47,2,1
59259,8080,1071,16,0
17992,80,42,2,1
64948,22,58,2,1
32778,8080,558,16,0
35925,21,43,2,1
35709,8080,716,16,0
59108,8080,845,16,0
8869,21,49,2,1
28504,53,861,16,0
47860,443,48,2,1
19173,22,45,2,1
37544,22,57,2,1
58544,22,48,2,1
39322,80,53,2,1
16170,22,41,2,1
63048,22,49,2,1
56103,22,55,2,1
62473,80,58,2,1
47859,53,1045,16,0
19713,80,295,16,0
18058,80,651,16,0
59398,443,42,2,1
14509,8080,1430,16,0
24618,8080,1296,16,0
40607,443,56,2,1
31293,443,56,2,1
13658,21,42,2,1
27040,443,56,2,1
63922,21,52,2,1
29522,443,41,2,1
55140,53,1398,16,0
49418,22,57,2,1
36713,21,46,2,1
9674,80,47,2,1
27024,80,524,16,0
41271,80,151,16,0
44376,22,54,2,1
7757,53,981,16,0
4890,80,1449,16,0
31061,8080,642,16,0
39601,53,928,16,0
50265,21,45,2,1
58903,443,935,16,0
27670,443,51,2,1
14449,53,446,16,0
10542,21,60,2,1
36806,443,711,16,0
32346,80,1160,16,0
38451,80,60,2,1
61431,21,42,2,1
58151,22,53,2,1
3354,22,59,2,1
28198,80,57,2,1
65502,53,809,16,0
54070,443,42,2,1
32688,80,1215,16,0
20993,21,42,2,1
49437,80,55,2,1
5097,80,43,2,1
21961,443,60,2,1
34847,443,241,16,0
31915,21,40,2,1
50051,80,49,2,1
57605,443,1358,16,0
14101,80,295,16,0
33359,53,400,16,0
1668,22,40,2,1
13893,22,56,2,1
60936,443,44,2,1
65312,53,1482,16,0
47550,22,58,2,1
58830,22,40,2,1
55925,8080,1415,16,0
36371,53,1295,16,0
32768,80,52,2,1
21576,53,397,16,0
37763,80,47,2,1
38230,53,466,16,0
5387,443,1445,16,0
62991,80,1379,16,0
35767,8080,1101,16,0
25358,8080,730,16,0
1486,8080,185,16,0
35415,443,53,2,1
63425,22,43,2,1
40603,80,1055,16,0
20438,443,60,2,1
39022,53,1454,16,0
37479,80,55,2,1
48966,22,44,2,1
48150,53,314,16,0
40779,443,544,16,0
33421,8080,859,16,0
47845,53,551,16,0
7122,53,568,16,0
52726,8080,1112,16,0
7206,21,44,2,1
19853,22,43,2,1
44783,443,1070,16,0
7045,80,48,2,1
14866,53,598,16,0
19921,21,60,2,1
50247,21,50,2,1
15758,80,42,2,1
49163,443,792,16,0
63713,22,53,2,1
22064,22,47,2,1
32862,80,53,2,1
18647,8080,358,16,0
45423,53,1188,16,0
45818,443,44,2,1
35971,22,52,2,1
16694,443,1345,16,0
22944,21,48,2,1
23322,21,52,2,1
7110,21,42,2,1
47428,443,256,16,0
45436,8080,1228,16,0
44757,80,113,16,0
10511,80,1104,16,0
31156,21,50,2,1
34408,53,296,16,0
19945,21,43,2,1
50610,22,51,2,1
55752,22,44,2,1
58801,21,48,2,1
50185,53,1463,16,0
58415,8080,771,16,0
31165,8080,634,16,0
36150,80,706,16,0
8195,22,56,2,1
59132,8080,1028,16,0
28642,443,53,2,1
21265,21,60,2,1
33158,22,49,2,1
63281,80,740,16,0
8374,443,43,2,1
37949,80,920,16,0
28387,443,59,2,1
48575,22,48,2,1
55106,8080,889,16,0
2932,22,45,2,1
53657,8080,510,16,0
31806,21,59,2,1
10636,8080,386,16,0
62718,21,52,2,1
55940,53,697,16,0
3896,443,47,2,1
23548,22,51,2,1
24958,80,1067,16,0
9179,443,50,2,1
15950,8080,1308,16,0
3069,22,49,2,1
51341,8080,612,16,0
30544,21,47,2,1
31969,80,1004,16,0
35343,21,59,2,1
52739,443,47,2,1
58520,8080,787,16,0
51592,80,46,2,1
16082,80,639,16,0
33300,80,131,16,0
4635,443,652,16,0
36559,21,47,2,1
57850,21,60,2,1
61795,21,55,2,1
59523,443,40,2,1
25712,22,49,2,1
4180,22,54,2,1
53350,22,53,2,1
5550,53,618,16,0
8095,80,457,16,0
28517,80,59,2,1
54141,80,428,16,0
28598,80,57,2,1
14426,21,60,2,1
58457,443,135,16,0
57845,8080,364,16,0
37490,443,1457,16,0
52448,80,1261,16,0
44913,8080,865,16,0
50019,8080,577,16,0
33457,443,752,16,0
43348,8080,634,16,0
4540,53,1373,16,0
58651,53,194,16,0
49259,443,151,16,0
9028,80,707,16,0
9254,53,653,16,0
18524,80,688,16,0
39029,53,164,16,0
7359,443,1395,16,0
37040,53,427,16,0
61862,53,451,16,0
26486,21,46,2,1
10848,53,952,16,0
3841,21,59,2,1
28847,8080,618,16,0
34739,443,58,2,1
25220,80,46,2,1
64646,53,1141,16,0
58708,53,1285,16,0
57389,8080,152,16,0
37258,21,58,2,1
12276,8080,473,16,0
49597,443,54,2,1
17037,22,55,2,1
27144,443,1165,16,0
40616,21,41,2,1
14956,53,1311,16,0
28870,21,55,2,1
21234,80,192,16,0
21308,80,51,2,1
52680,443,238,16,0
48470,21,46,2,1
40313,80,1356,16,0
32734,21,60,2,1
1168,53,429,16,0
30350,443,936,16,0
45818,22,59,2,1
29158,443,56,2,1
13470,21,51,2,1
12308,53,763,16,0
53908,443,55,2,1
20719,21,58,2,1
38652,22,55,2,1
30661,443,526,16,0
13601,21,58,2,1
25658,22,55,2,1
62813,8080,633,16,0
5944,80,1083,16,0
27586,80,47,2,1
60450,443,56,2,1
8033,53,819,16,0
24736,22,50,2,1
48351,443,1336,16,0
60523,53,1404,16,0
34020,80,40,2,1
25401,443,46,2,1
61564,443,45,2,1
60716,22,58,2,1
54027,443,601,16,0
14909,443,45,2,1
27997,443,53,2,1
43115,443,56,2,1
16403,21,53,2,1
42651,21,57,2,1
24706,53,1033,16,0
49214,8080,1411,16,0
20954,53,667,16,0
3274,443,1477,16,0
27154,21,47,2,1
19948,21,47,2,1
60910,80,47,2,1
64520,53,642,16,0
57734,53,751,16,0
58339,22,53,2,1
11188,80,206,16,0
59580,80,424,16,0
48249,22,40,2,1
10410,22,56,2,1
14797,22,49,2,1
38067,443,48,2,1
58843,21,60,2,1
49943,22,40,2,1
1292,21,45,2,1
39483,8080,1465,16,0
30632,80,783,16,0
1403,22,43,2,1
46457,443,776,16,0
64817,443,54,2,1
60563,8080,722,16,0
60621,8080,653,16,0
41823,8080,1448,16,0
2933,53,244,16,0
32040,80,46,2,1
60026,80,1218,16,0
31371,53,1219,16,0
27442,80,1090,16,0
7711,80,357,16,0
24784,8080,770,16,0
51735,80,48,2,1
20159,80,1129,16,0
43725,53,1171,16,0
13060,443,582,16,0
45405,22,59,2,1
23468,21,56,2,1
23485,22,59,2,1
64671,21,46,2,1
5348,443,309,16,0
2539,53,961,16,0
55356,53,615,16,0
35271,443,1393,16,0
39975,22,59,2,1
32235,21,49,2,1
35705,443,568,16,0
13157,8080,1277,16,0
3690,21,59,2,1
59109,80,58,2,1
17716,443,574,16,0
13151,8080,380,16,0
10998,21,47,2,1
26635,22,58,2,1
42980,443,843,16,0
63902,53,1185,16,0
35786,8080,739,16,0
63323,443,501,16,0
9754,21,40,2,1
4801,443,44,2,1
55864,80,1269,16,0
57803,8080,964,16,0
63079,21,44,2,1
1887,443,1126,16,0
5640,8080,399,16,0
63411,80,924,16,0
43964,53,1150,16,0
4018,8080,1471,16,0
22741,80,50,2,1
10105,443,1269,16,0
41341,8080,900,16,0
64892,443,49,2,1
9832,53,718,16,0
45867,8080,643,16,0
9508,443,240,16,0
51218,443,58,2,1
49786,443,42,2,1
36707,80,60,2,1
20674,80,943,16,0
41362,21,54,2,1
58640,80,559,16,0
27003,443,226,16,0
31725,22,50,2,1
7324,443,763,16,0
14567,22,50,2,1
31710,8080,619,16,0
18966,443,1423,16,0
64050,80,41,2,1
10788,8080,643,16,0
37712,80,1063,16,0
45281,443,917,16,0
38339,22,50,2,1
56344,443,1185,16,0
26519,22,48,2,1
41050,80,57,2,1
36323,80,307,16,0
28270,443,424,16,0
30510,80,1310,16,0
11560,443,56,2,1
28131,21,42,2,1
53111,443,799,16,0
55707,443,48,2,1
6757,21,52,2,1
18002,8080,780,16,0
19852,21,44,2,1
4742,443,48,2,1
7503,8080,383,16,0
51794,53,1108,16,0
26091,22,43,2,1
60703,8080,162,16,0
33507,80,1230,16,0
4001,443,47,2,1
51122,443,50,2,1
5429,80,236,16,0
20725,80,46,2,1
1338,21,54,2,1
8315,53,1391,16,0
47795,21,54,2,1
3344,443,60,2,1
45942,8080,561,16,0
26909,8080,634,16,0
14742,443,47,2,1
21521,443,196,16,0
58357,21,46,2,1
26149,21,50,2,1
26033,8080,618,16,0
29031,21,58,2,1
64758,22,42,2,1
54352,443,52,2,1
64887,53,308,16,0
7279,21,59,2,1
65452,443,447,16,0
42779,53,573,16,0
4669,80,1175,16,0
46908,53,263,16,0
23757,22,59,2,1
43715,22,46,2,1
20846,8080,405,16,0
62391,8080,1073,16,0
32854,8080,1323,16,0
45575,443,1157,16,0
65511,80,806,16,0
25304,53,786,16,0
29871,443,425,16,0
16115,443,546,16,0
16108,22,45,2,1
55244,80,46,2,1
41347,22,54,2,1
43941,53,1408,16,0
6314,53,134,16,0
58296,443,945,16,0
10557,22,57,2,1
11375,443,135,16,0
45634,80,46,2,1
1632,21,60,2,1
34232,80,60,2,1
51617,80,303,16,0
48175,22,51,2,1
61288,21,42,2,1
53017,80,58,2,1
65154,53,1321,16,0
12431,22,50,2,1
43667,8080,227,16,0
63018,8080,1274,16,0
59301,80,48,2,1
49546,80,599,16,0
41706,80,633,16,0
18957,80,51,2,1
48076,443,1066,16,0
22715,443,1003,16,0
24953,21,53,2,1
61371,21,40,2,1
63585,80,48,2,1
56018,8080,642,16,0
16624,443,57,2,1
48812,443,58,2,1
65088,22,50,2,1
22206,21,59,2,1
49694,53,1339,16,0
47955,8080,1479,16,0
3938,22,53,2,1
51077,443,52,2,1
5117,80,46,2,1
58068,80,51,2,1
38874,80,50,2,1
41237,80,1052,16,0
18900,21,52,2,1
33006,443,769,16,0
12701,22,40,2,1
9857,22,42,2,1
43869,80,42,2,1
56820,443,48,2,1
23892,22,43,2,1
39273,53,965,16,0
56407,80,40,2,1
7962,443,735,16,0
28875,443,1486,16,0
56093,53,895,16,0
44968,22,54,2,1
65316,22,42,2,1
26642,8080,1198,16,0
7857,8080,401,16,0
58772,22,53,2,1
11444,53,1024,16,0
9777,443,867,16,0
43217,53,581,16,0
52925,80,53,2,1
17238,21,44,2,1
7197,21,51,2,1
20838,53,820,16,0
54172,8080,1083,16,0
13872,80,1073,16,0
31642,80,254,16,0
25124,443,45,2,1
5527,443,45,2,1
50099,443,110,16,0
56646,8080,655,16,0
49084,21,41,2,1
62381,22,53,2,1
8851,80,58,2,1
62169,8080,1401,16,0
24668,21,42,2,1
45320,80,49,2,1
14579,443,42,2,1
28488,443,54,2,1
2178,53,836,16,0
43533,443,53,2,1
32423,443,1108,16,0
25520,8080,1411,16,0
16012,443,1413,16,0
28908,443,336,16,0
21510,80,57,2,1
22112,443,52,2,1
42844,80,44,2,1
14808,8080,1420,16,0
62292,443,49,2,1
42562,22,42,2,1
2829,80,42,2,1
51195,22,56,2,1
38089,443,43,2,1
40029,443,372,16,0
8625,80,729,16,0
49244,22,45,2,1
5493,21,44,2,1
29096,22,53,2,1
34638,22,41,2,1
2932,8080,1136,16,0
33177,22,43,2,1
8178,8080,881,16,0
41357,53,1200,16,0
24568,8080,857,16,0
46146,22,41,2,1
21304,443,498,16,0
34445,8080,1242,16,0
47600,443,59,2,1
30141,21,49,2,1
63883,443,1429,16,0
65265,443,214,16,0
5837,21,47,2,1
62310,22,50,2,1
55559,8080,1455,16,0
42822,53,1335,16,0
1840,443,42,2,1
12557,80,341,16,0
38961,443,1404,16,0
62409,80,40,2,1
59202,80,426,16,0
15863,443,1268,16,0
33219,8080,591,16,0
49288,443,1226,16,0
18765,53,643,16,0
49038,443,60,2,1
61071,80,491,16,0
43928,443,1373,16,0
47796,53,768,16,0
22468,80,460,16,0
16623,443,53,2,1
1463,80,43,2,1
10654,53,603,16,0
14798,443,341,16,0
16351,80,49,2,1
25618,21,50,2,1
35336,80,679,16,0
32421,21,60,2,1
63593,80,680,16,0
8058,22,56,2,1
30736,443,146,16,0
52123,443,46,2,1
36788,80,58,2,1
37886,80,56,2,1
60335,22,44,2,1
59350,80,1154,16,0
41866,8080,1067,16,0
33701,80,45,2,1
41956,443,41,2,1
37937,53,1462,16,0
44976,443,798,16,0
50924,443,848,16,0
62883,8080,1402,16,0
18156,443,488,16,0
31922,21,54,2,1
35478,443,43,2,1
50846,21,46,2,1
32501,21,49,2,1
46990,21,50,2,1
53440,21,49,2,1
61450,8080,745,16,0
43166,443,379,16,0
10191,22,60,2,1
44509,21,56,2,1
52431,443,874,16,0
16992,443,47,2,1
36289,21,58,2,1
56816,443,57,2,1
40579,21,51,2,1
37332,80,48,2,1
15412,53,1439,16,0
5429,80,670,16,0
10976,443,44,2,1
14718,80,47,2,1
21611,21,50,2,1
50791,22,40,2,1
2842,8080,210,16,0
65139,80,1442,16,0
34901,443,51,2,1
34348,21,55,2,1
41879,8080,1322,16,0
48991,21,55,2,1
58769,22,49,2,1
61492,443,58,2,1
26030,443,54,2,1
5292,80,919,16,0
10814,443,824,16,0
40991,53,192,16,0
24931,21,50,2,1
18144,80,1042,16,0
3723,80,1020,16,0
10415,80,47,2,1
26104,8080,259,16,0
35049,21,54,2,1
6699,443,1460,16,0
13332,8080,270,16,0
58677,80,55,2,1
41954,443,55,2,1
13287,80,43,2,1
38602,80,1380,16,0
22189,443,54,2,1
49614,53,1368,16,0
51950,53,1014,16,0
26528,53,204,16,0
16021,443,43,2,1
29148,8080,1222,16,0
53288,443,915,16,0
2068,443,367,16,0
30215,443,47,2,1
38628,443,56,2,1
11579,80,52,2,1
52267,53,1017,16,0
30921,80,866,16,0
62569,80,703,16,0
29587,443,810,16,0
55789,22,40,2,1
53388,21,49,2,1
19183,80,414,16,0
10014,80,240,16,0
52118,22,49,2,1
39680,53,1294,16,0
11415,22,42,2,1
43265,8080,628,16,0
53481,22,55,2,1
19712,443,42,2,1
43662,22,48,2,1
9220,21,58,2,1
4553,443,737,16,0
29752,443,819,16,0
21976,80,43,2,1
10825,80,49,2,1
19706,21,53,2,1
28112,443,782,16,0
63308,80,46,2,1
61222,443,41,2,1
17269,80,58,2,1
49100,80,47,2,1
55614,443,1103,16,0
60273,80,40,2,1
62764,21,44,2,1
14525,8080,562,16,0
52643,80,360,16,0
60465,21,42,2,1
33173,443,150,16,0
30330,443,137,16,0
44045,80,248,16,0
28986,53,1314,16,0
16245,80,51,2,1
15432,80,55,2,1
12882,21,56,2,1
3343,80,824,16,0
60972,443,890,16,0
25452,21,58,2,1
40444,53,718,16,0
43106,80,1172,16,0
39111,80,44,2,1
40917,21,53,2,1
2973,53,906,16,0
19904,443,51,2,1
18124,80,57,2,1
33977,80,48,2,1
26498,80,1396,16,0
37684,80,814,16,0
43648,443,50,2,1
44483,443,50,2,1
48585,53,1391,16,0
56172,8080,1103,16,0
18943,8080,800,16,0
30609,80,57,2,1
15347,8080,151,16,0
51373,21,47,2,1
8587,8080,1409,16,0
40888,21,43,2,1
51451,8080,985,16,0
51685,8080,914,16,0
57525,80,46,2,1
48459,22,60,2,1
21820,80,50,2,1
47101,80,993,16,0
28111,80,55,2,1
18281,8080,785,16,0
12877,53,747,16,0
35595,443,1348,16,0
20253,22,48,2,1
45797,443,1440,16,0
18033,80,1316,16,0
18695,443,1351,16,0
10819,21,47,2,1
18508,80,57,2,1
62123,443,51,2,1
28632,80,53,2,1
33351,8080,1377,16,0
58807,8080,793,16,0
24605,443,46,2,1
22753,8080,933,16,0
57890,22,43,2,1
40246,80,520,16,0
3127,22,42,2,1
30862,21,58,2,1
33380,80,42,2,1
17056,53,781,16,0
10333,22,47,2,1
30780,80,891,16,0
61706,21,55,2,1
61438,80,413,16,0
54950,443,348,16,0
9150,22,42,2,1
34679,80,47,2,1
22342,21,46,2,1
29413,21,42,2,1
23046,21,51,2,1
34747,443,1348,16,0
30452,443,315,16,0
23901,443,41,2,1
63265,22,45,2,1
23607,443,60,2,1
44293,80,49,2,1
63990,53,502,16,0
7954,443,1485,16,0
16078,22,57,2,1
55863,80,1497,16,0
48338,21,50,2,1
34546,8080,1007,16,0
40399,443,45,2,1
40304,80,1084,16,0
56279,8080,997,16,0
18319,21,53,2,1
33811,8080,774,16,0
50683,443,48,2,1
59065,21,52,2,1
5203,80,45,2,1
11746,53,1022,16,0
39208,22,41,2,1
34764,80,469,16,0
48661,22,54,2,1
11917,80,55,2,1
38905,21,59,2,1
62872,80,47,2,1
34487,8080,1280,16,0
34987,80,55,2,1
57702,21,54,2,1
17392,443,450,16,0
3743,443,848,16,0
26119,80,54,2,1
39091,443,575,16,0
37794,80,45,2,1
39055,80,41,2,1
21944,21,57,2,1
22591,53,547,16,0
1541,21,46,2,1
44163,443,54,2,1
35338,443,637,16,0
65317,80,401,16,0
53428,21,57,2,1
45311,80,50,2,1
4195,8080,677,16,0
35287,8080,350,16,0
46412,21,41,2,1
27724,53,1434,16,0
50049,8080,990,16,0
16779,80,493,16,0
39974,21,40,2,1
17835,21,60,2,1
46196,53,743,16,0
1330,53,1263,16,0
7145,443,133,16,0
44009,443,42,2,1
47982,8080,1101,16,0
46712,80,354,16,0
28763,80,1235,16,0
3492,80,1036,16,0
61369,21,40,2,1
17157,80,44,2,1
18725,8080,697,16,0
12073,80,51,2,1
22015,53,1385,16,0
48207,443,46,2,1
10387,8080,624,16,0
34594,21,57,2,1
21575,443,1332,16,0
47900,8080,819,16,0
22259,53,1388,16,0
35535,22,46,2,1
3290,443,1337,16,0
24785,80,57,2,1
65358,443,1042,16,0
4917,53,790,16,0
51066,443,40,2,1
12911,443,47,2,1
14293,53,382,16,0
21333,80,639,16,0
4819,443,1296,16,0
17631,22,52,2,1
35987,53,205,16,0
47364,21,47,2,1
57269,53,202,16,0
55636,443,675,16,0
39027,80,50,2,1
49749,443,1080,16,0
39723,443,1246,16,0
29550,53,847,16,0
33754,443,550,16,0
21503,21,45,2,1
20886,80,618,16,0
33443,443,51,2,1
38281,8080,1182,16,0
19821,80,920,16,0
9660,21,47,2,1
17842,443,1114,16,0
25141,443,48,2,1
61004,53,1197,16,0
16477,80,712,16,0
38516,8080,936,16,0
32987,80,1053,16,0
55042,53,766,16,0
36647,21,59,2,1
34566,80,44,2,1
22288,22,44,2,1
21618,21,52,2,1
43898,21,41,2,1
34622,22,59,2,1
45129,22,45,2,1
27880,443,1024,16,0
9327,443,44,2,1
56968,22,55,2,1
26972,80,41,2,1
32938,80,54,2,1
38401,21,54,2,1
39001,80,1185,16,0
13303,80,56,2,1
9568,443,533,16,0
